date,author,text
2021-06-10 07:22:41,Stump007,"Parce que justement ce n'est pas pertinent. Perso je trouve bien rÃ©ussir ma vie, malgrÃ© avoir vÃ©cu dans un HLM, et avoir un nom et une gueule 100% mÃ©tÃ¨que. Au final pas besoin d'un rÃ´le model de ma couleur de peau, ni d'un rÃ´le model tout court. RÃ©flÃ©chir en mode communautÃ©/couleur de peau/ethnicitÃ© c'est totalement dÃ©bile Ã  mon sens.

Au sujet du racisme, bien sÃ»r qu'il y en a. Tout le temps mÃªme ! Mais si tu passes ta vie Ã  chouiner Ã§a n'apporte rien. Il y aura des blancs qui te diront que ceci et cela n'est pas normal, mais pour moi c'est eux les vrais racistes car ils cherchent Ã  te complaire dans ta misÃ¨re. Le mieux c'est d'ignorer Ã§a. Oui vivre en tant que minoritÃ© visible c'est tout faire avec un hard mode. Oui, c'est injuste. Mais chouiner et attendre que la sociÃ©tÃ© change pour toi ne te sortira de rien du tout."
2021-06-04 12:28:20,KobalaD,"&gt;mÃ©tÃ¨ques

Et ta grosse daronne c'est une mÃ©tÃ¨que 

?"
2021-05-25 16:27:04,skadarski,"Je serai majeur au moment des Ã©lections, mais j'ai pas la nationalitÃ© franÃ§aise, donc pas de vote. Mais en fait je rÃ©agissais comme le mÃ¨me de Jeremy Clarkson (Oh no! Anyway). 

En vrai, mÃªme si je suis un espÃ¨ce de mÃ©tÃ¨que, il faut quand mÃªme respecter la choix faite par les gens. Si Marine gagne, bah bonne chance Ã  elle. Elle n'est pas en ligne avec mes opinions politiques, mais  la dÃ©mocratie est comme Ã§a."
2021-04-19 22:10:08,jib60,"Sauf que pour un ministre de lâ€™intÃ©rieur câ€™est du pain bÃ©ni cette interdiction.


Aujourdâ€™hui, la consommation de cannabis est contraventionnalisÃ©e, câ€™est une affaire rÃ©glÃ©e de maniÃ¨re expÃ©ditive et le ministÃ¨re peut Â«Â faire du chiffreÂ Â». 

Et puis il faut aussi prendre en compte une chose, câ€™est que Â« lâ€™odeur de cannabis Â» câ€™est un motif imparable de contrÃ´le au facies. Avec ma tÃªte de mÃ©tÃ¨que, je compte mÃªme pas le nombre de fois depuis que jâ€™ai 15 ans oÃ¹ jâ€™ai Ã©tÃ© palpÃ© par des policiers a cause dâ€™une Â«Â odeur de stupÃ©fiantÂ Â» alors que je nâ€™ai littÃ©ralement jamais touchÃ© un joint de ma vie et que bien Ã©videmment je sentais le dÃ©o bon marchÃ© et rien dâ€™autre.

Sans Ã§a il faudrait trouver un autre prÃ©texte, ou respecter le code de procÃ©dure pÃ©nale, et faut pas charier non plus. Bref on aura pas de lÃ©galisation avant un moment.

Pendant ce temps lÃ , lâ€™absence totale de rÃ©gulation favorise la culture de plante aux substances psychoactives ultra concentrÃ©es qui crÃ©ent des troubles mentaux. 

Et dâ€™ailleurs si câ€™Ã©tait une histoire de santÃ© public il serait temps de revoir une politique qui a fait de notre pays le premier consommateur europÃ©en de la plante. Mais faudrait pas risquer dâ€™aliÃ©ner la mÃ©nagÃ¨re de plus de 50 ans. 

Bref, lâ€™interdiction du cannabis, câ€™est comme lâ€™homÃ©opathie, Ã§a fait plus de mal que de bien pour la santÃ© publique, mais Ã§a rassure les boomer."
2021-04-02 17:05:32,ArkhielModding,"C'est pas du systÃ©mique les appart oÃ¹ les embauches, c'est de la discrimination Ã  titre personnel (et Ã§a peut se prouver et se condamner, Ã§a arrive rÃ©guliÃ¨rement).
Du reste mes amis/collÃ¨gues racisÃ©s ont pas eu plus de soucis que moi pour trouver un job ou un appart, j'ai aussi du envoyer des tas de CV dans le vent.
Bon j'ai un patronyme mÃ©tÃ¨que comme il faut et pas de photo sur le CV, mais quand mÃªme.

Le truc avec ces rÃ©unions c'est que c'est pas genre ""les femmes battues"" ou ""les alcooliques anonymes, vu ce qu'il sort des assoc qui les pratiquent ya surtout un cerclebranle anti blanc qui en ressort"
2021-03-22 12:13:45,Ewen5,Tout ce qui ne faisait pas partie de la citÃ© c'Ã©tait du mÃ©tÃ¨que et du barbare pour eux.
2021-03-19 22:20:22,[deleted],"MÃ©tÃ¨que : Dans une citÃ© grecque, Ã©tranger Ã  cette citÃ©, mais qui y Ã©tait domiciliÃ©. (Les mÃ©tÃ¨ques n'avaient pas de droits politiques, pas de biens fonciers, et payaient un impÃ´t spÃ©cial. Mais ils participaient Ã  la vie culturelle de la citÃ© et Ã  sa dÃ©fense. AthÃ¨nes leur dut en partie sa prospÃ©ritÃ©.)"
2021-03-17 10:37:20,sijamaisalt,"&gt;  Ã§a regroupe tous ceux qui ne se trouvent pas dans dâ€™origines extÃ©rieures et ou multiples. 

C'est probablement la rÃ©ponse la plus intelligente que j'ai eu sur le sujet, mais pourquoi parler de franÃ§ais de souche et pas tout simplement de franÃ§ais ? Parce que la notion de souche hiÃ©rarchise bien souvent. Le problÃ¨me Ã  mon sens de la notion de franÃ§ais de souche est qu'elle nÃ©cessite une action, celle mÃªme de prouver que l'on est bien franÃ§ais de souche que tous les ancÃªtres le soient. Mais je comprends ton point de vu. Malheureusement cette relÃ©gation est elle mÃªme faite par des personnes qui se considÃ¨re de ""souche"", la qualification de ""mÃ©tÃ¨que"" pour parler de franÃ§ais qui ont d'autres origines europÃ©ennes par exemple c'est bien eux qui l'utilisent. MÃªme si c'est une minoritÃ© elle pÃ©nalise l'ensemble d'un groupe dÃ©jÃ  restreint.

&gt; je nâ€™ai pas dâ€™autres nationalitÃ©s, pas dâ€™autre allÃ©geances, ne me sent pas part mÃªme partiellement dâ€™une autre nation. 

Ce n'est pas parce qu'une personne a d'autres origines qu'elle a forcÃ©ment d'autres allÃ©geances ou qu'elle se sent appartenir Ã  une autre nation soit dit en passant."
2021-03-16 23:53:25,sijamaisalt,"Beaucoup de gens disent ""oui mais la xÃ©nophobie contre les italiens existaient pas, la preuve ils se sont bien assimilÃ©s contrairement Ã  (insÃ©rer nationalitÃ©)"". Je me suis dÃ©jÃ  fait traiter de mÃ©tÃ¨que une fois, alors que personne ne parle plus italien dans famille depuis 4 gÃ©nÃ©rations au moins, Ã§a fait plaisir. La vÃ©ritÃ© est que si il n'y avait pas eu de vagues d'immigrations plus rÃ©centes la haine xÃ©nophobe serait bien plus canalisait vers les personnes issues de l'immigration intra-europÃ©enne"
2021-03-09 12:07:53,Abrruti,"&gt;Tout dÃ©pend ce que t'entendus par *issus* des classes populaires. T'as bon nombre de dÃ©putÃ©s dont les parents sont ouvriers ou employÃ©s et/ou qui ont commencÃ© leur carriÃ¨re Ã  un niveau bas dans l'Ã©chelle sociale.

Et Steve Jobs fut un petit-fils d'immigrÃ© syrien, pas pour autant qu'il fut reprÃ©sentatif d'un quelconque milieu populaire. Tiens moi-mÃªme je suis un mÃ©tÃ¨que ayant commencÃ© touuut en bas de l'Ã©chelle, blanchisseur pour l'hÃ´tellerie c'est Ã  te faire regretter la guerre, mais maintenant que j'ai bien grimpÃ© mash'Allah je n'oserais pas me prÃ©senter comme un type issu des classes populaires.

&amp;#x200B;

Quant Ã  l'argumentaire technocratique qui veut que les gueux ne soient pas attirÃ©s par le fait d'Ã©crire des lois (Avocat je veux bien mais en quoi un mÃ©decin serait plus *attirÃ©* par la chose ?) ce serait vrai si effectivement seuls *5%* des *candidats soient issus des classes populaires* ce qui n'est bien Ã©videmment pas le cas."
2021-03-04 20:25:03,ArkhielModding,Jsuis immigrÃ© de seconde gen avec un nom bien mÃ©tÃ¨que et Ã  part me le faire souvent rÃ©pÃ©ter je le vis bien.
2021-03-03 18:44:28,Calembreloque,"C'est vrai que c'est pas un sujet qui est abordÃ© dans Avatar mais c'est quand mÃªme du bol que Aang ait Ã©tÃ© de base un gamin ouvert d'esprit et tolÃ©rant. T'imagines si l'Avatar cryogÃ©nisÃ© c'Ã©tait genre une version papy raciste de Roku ? 

""- Regarde, Sokka, on vient de libÃ©rer l'Avatar de la glace ! Il essaye de nous parler !

\- Dis-donc, tu parles drÃ´lement bien la langue pour une mÃ©tÃ¨que. Tiens, voilÃ  dix yuan pour aller t'acheter des chaussures."""
2021-02-27 00:34:25,CritterThatIs,"Bah c'est pas comme si on me disait pas mÃ©tÃ¨que, exotique, mÃ©tis, ""tu viens d'oÃ¹ ?"".

*RacisÃ©* a l'avantage d'Ãªtre construit de la mÃªme faÃ§on que d'autres mots utiles pour se situer dans une lutte des classes. Comme opprimÃ©, exploitÃ©. Ce n'est pas de la victimisation que d'ouvrir les yeux sur les traitements dÃ©lÃ©tÃ¨res que ta position dans la sociÃ©tÃ© permets."
2021-02-18 13:17:53,Fdurke,"&gt;La communautÃ© juive connait assez bien les discours sur les peuples insolubles dans la nation qui se transforment en discours sur la religion insoluble dans la Nation.

Les juifs n'ont jamais Ã©tÃ© vu comme insoluble au contraire, c'est parce qu'ils Ã©taient vu comme soluble (Ã  la Dreyfus) qu'ils Ã©taient jugÃ©s dangereux et Ã  combattre, c'est parce qu'ils pervertissaient le ""corps""national, ""la race"" nationale, qu'il fallait les combattres. Toutes les mesures antisÃ©mites, mÃªme celles du l'antisÃ©mitisme religieux d'un Saint Louis, voulait au contraire les sortir du peuple de la sociÃ©tÃ©. De l'Ã©toile jaune aux rouelles, des ghetto de Venise Ã  celui de Varsovie. Il fallait sortir ces juifs soluble et dissolus dans la nation pour les ""rÃ©vÃ©ler"" et les empÃªcher de nuire. 

Donc quand on dÃ©fend auj la chose contraire, c.a.d. le fait de cultiver et de lÃ©gitimer sa distinction dans le corps social par l'usage dâ€™identifiants et de rÃ¨gles spÃ©cifiques, il faudrait avoir lâ€™honnÃªtetÃ© intellectuelle de reconnaitre derriÃ¨re quoi on se range. 

&gt;l'AntisÃ©mitisme d'Etat maurrassien ou plus gÃ©nÃ©ralement celui de l'AF post-Dreyfus est justement concentrÃ© sur son incapacitÃ© Ã  Ãªtre soluble dans la RÃ©publique, 

Me ""contredire"" en foutant Mauras, l'AF et RÃ©publique dans la mÃªme phrase fallait le faire. Nan justement ce n'est pas de la RÃ©publique dont il s'agit mais de la France ""Ã©ternelle"". On parle pas des juifs contre la RÃ©publique on parle des juis contre la France, de la dÃ©mocratie parlementaire, de la RÃ©publique (la gueuse) des ""juifs"" contre la France.

&gt;L'antisÃ©mitisme maurrassien n'est pas basÃ© sur des conditions raciales mais bien religieuses et intellectuelles. Et ces thÃ©ories antisÃ©mites sont bien plus pertinentes pour la situation actuelle, surtout quand on a un ministre de l'intÃ©rieur ouvertement associÃ© Ã  l'Action FranÃ§aise. 

Absolument pas, l'antisÃ©mitisme de Mauras est pas plus religieux que celui de drumont, il est racial, anti-rÃ©publicain et profondÃ©ment nationaliste. Le juif est l'incarnation du projet rÃ©publicain qui par son cÃ´tÃ© inclusif et universelle nie la monarchie et le catholicisme (autre universalisme hÃ©gÃ©monique). L'inclusivitÃ© du juif, ou des protestants, dans ce schÃ©ma contrarie justement la vision Maurassienne de la France Ã©ternelle. L'antisemitisme d'Etat en France n'a jamais Ã©tÃ© rÃ©publicain, il a toujours Ã©tÃ© contre la RÃ©publique, contre la dÃ©mocratie, contre l'universalisme rÃ©volutionnaire.

&gt;""sont pas de la bonne culture, restent entre eux, ne s'intÃ¨grent pas""

Ce n'a rien Ã  voir avec l'antisÃ©mitisme, vous mÃ©langez encore une fois tout et n'importe quoi pour coller Ã  vos fantasmes. Ces propos visait TOUS les immigrÃ©s et n'avaient rien de spÃ©cifique au peuple juif qui faisait face Ã  ces propres accusations. Ce mÃªme peuple juif d'ailleurs divisÃ© entre les ""franÃ§ais"" intÃ©grÃ©s et les rÃ©fugiÃ©s d'allemagne et de l'est parfois rejetÃ©s comme ""mÃ©tÃ¨que"" y compris par leurs supposÃ©s ""frÃ¨res"" de France (rÃ©alitÃ© familiale, qui d'ailleurs Ã©tait aussi l'appellation de la femme de mon arriÃ¨re grand pÃ¨re paternel, mon AGMÃ¨re, Danoise). Bref c'est encore vouloir faire coller des rÃ©alitÃ©s complexes Ã  une grille de lecture fantasmÃ©e et mensongÃ¨re. 

&gt;On peut Ã©galement voir la rÃ©action Ã  l'assassinat de Vom Rath, puis plus tard aux attentats de la MOI par exemple, pour voir les mÃ©canismes d'association religion/origine/terrorisme, etc.

Ã‡a va la rÃ©Ã©criture historique ? Rien dans la nuit de Crystal ne concerne la pratique religieuse des juifs, rien. Il y a 0 associations entre Ã§a et l'antisÃ©mitisme des Nazis, au contraire.

L'antisÃ©mitisme europÃ©en ne se rÃ©sume pas au Nazisme, mais entre Saint Louis, les Croisades, l'Inquisition, les guerres de Religions et le XXÃ¨me siÃ¨cle il s'est passÃ© bcp de choses. Vouloir rÃ©Ã©crire la shoah comme une attaque contre une religion est une contrefaÃ§on abjecte. 

Mais bon, la manÅ“uvre est malheureusement bien employÃ©e partout et mÃªme des coreligionnaires se mettent Ã  dÃ©fendre Ã§a contre toute vraisemblance historique. C'est quand mÃªme fou d'avoir si peu de respect pour les victimes de crimes rÃ©els que de les manipuler et les utiliser pour nourrir de l'agit-prop rÃ©actionnaire."
2020-12-07 02:09:54,Erelde,"""empÃªcher de manifester n'empÃªche pas de manifester"" je continue d'applaudir. Bonne nuit Ã  vous aussi. (Vous pas tu, mÃªme si je ne vous souhaite que du bien sincÃ¨rement, on va rester sur le vous)

PS : mon pseudonyme n'est pas anonyme si vous voulez ma nationalitÃ© c'est trÃ¨s simple, mais j'apprÃ©cie l'attaque dite du ""probablement un mÃ©tÃ¨que""."
2020-09-08 14:30:48,ubomw,"Georges Moustaki Ã©tait d'origine italo-grecque et a fait une chanson ""Le mÃ©tÃ¨que"" sur les discriminations dont il a fait l'objet.

https://youtu.be/MV8fGf-N06A

Edith : et il parle bien de ""sa gueule de mÃ©tÃ¨que"", indiquant par lÃ  que Ã§a pouvait se rapprocher de racisme et pas simplement de xÃ©nophobie."
2020-08-06 15:13:29,AnarchyinGroland,"&gt;Bon tâ€™as appelÃ© le Liban un pays ~~stable~~    **Ã  peu prÃ©s stable et multiconfessionnel**

Pris en flagrant dÃ©lis de  mytho-citation.

Pour moi ca s'arrete lÃ . T'es game over. On peut aps discuter avec un menteur.

Personne persÃ©cute les chretiens du Liban, ya pas de milices salafistes qui coupent des tetes, zero sÃ©paratisme. Ã  peu prÃ©s stable est le mot.

&gt; Ensuite, pour ton info, Darmanin est quand mÃªme dâ€™origine Maltaise et AlgÃ©rienne, 2 pays carrÃ©ment basanÃ©s. 

Ce qui fait le basanage c'est la gueule de mÃ©tÃ©que facon Moustaki. Et avoir un vague grand pere et des ""possibles origines juives"" fait aps de toi un grand discriminÃ© Ã  l'entrÃ©e des boites."
2020-07-12 14:58:00,aweb,La toute petite brasserie 77CRAFT qui fait la MÃ©tÃ¨que Ã  Grez sur Loin vers Fontainebleau. Une tuerie !
2020-06-18 16:49:39,pitoasto,"Ã‡a dÃ©pend si tu la situes relativement Ã  la Laponie ou Ã  l'Andalousie.

Pour un Lapon, la France Ã§a commence Ã  sentir le ~~mÃ©tÃ¨que~~ mÃ©diterranÃ©en qui met de l'huile d'olive partout.
Pour un Andalou, la France Ã§a commence Ã  sentir le ~~boche~~ teuton qui porte des chaussettes sur sandales. 

Position bÃ¢tarde, ni au Sud ni au Nord, trop septentrional relativement aux pays de l'Europe du Sud et trop mÃ©ridional relativement aux pays de l'Europe du Nord."
2020-06-07 10:14:10,Floyddit,"Ã€ ton grand plaisir je suis donc allÃ© chercher.

Dans Politiques Aristote Ã©crit en effet

&gt;Â« Lâ€™Ãªtre qui, grÃ¢ce Ã  son intelligence, est capable de prÃ©voir est gouvernant par nature ; lâ€™Ãªtre qui, grÃ¢ce Ã  sa vigueur corporelle, est capable d'exÃ©cuter est gouvernÃ© et par nature esclave Â»

Mais il ne faut pas y apposer nos conceptions de ""race"" modernes. Le grand faiseur d'esclave en GrÃ¨ce antique c'est la guerre oÃ¹ on prend des prisonniers qui sont fait esclaves, or ce n'est pas ceux qui sont capables de gouverner la polis, ceux qui dirigent avec justesse qui gagnent la guerre qui est une affaire d'excÃ¨s, c'est plutÃ´t ceux qui sont vigoureux et capable d'executer les ordres avec discipline qui gagnent. En outre, on pouvait devenir esclave par la piraterie, ce qui n'est qu'une affaire de chance ou en rentrant dans la dette. C'est totalement incompatible avec l'esclavage racial du milieu colonial oÃ¹ aucun homme blanc ne pouvait devenir esclave, tu dois l'avouer. Comprendre Aristote par ""ceux qui gagnent la guerre sont la race supÃ©rieure et peuvent mettre en esclavagisme les autres"" c'est contradictoire.

Aristote clarifie Ã§a lui mÃªme dans le chapitre 5 du livre 1. La justesse de l'esclavage pour lui est quelque chose de rÃ©glÃ©e au cas par cas. Pour lui lâ€™esclavage ne peut Ãªtre imposÃ© que si le maÃ®tre est meilleur que lâ€™esclave.

Tu ne peux pas apposer une conception raciste Ã  l'esclavage antique car la conception de races y est extrÃªmement limitÃ©e. Les grecs eux mÃªme ne distinguent qu'entre grecs, perses et non grecs (barbares) au mieux. Y'a des similitudes que tu ne peux pas crÃ©er, par exemple Platon, athÃ©nien bien nÃ© a Ã©tÃ© esclave, est ce que tu verrais Thomas Jefferson devenir esclave ? Non car il est blanc.

De plus encore en contradiction d'Aristote je te conseille de lire [Cet article sur PersÃ©e](https://www.persee.fr/doc/ista_0000-0000_1989_ant_377_1_1737) qui fait la comparaison entre l'esclavage antique et ""moderne"". En particulier ces trucs trÃ¨s frappants.

* Les prÃ©cepteurs antiques sont en gÃ©nÃ©ralitÃ© des esclaves
* Nul ne peut distinguer un esclave d'un homme libre dans les rues d'AthÃ¨nes ou de Rome
* Les fonctionnaires d'Ã©tat (Sauf ceux qui ont des charges dÃ©cisionnaires) sont en gÃ©nÃ©ralitÃ© des esclaves. Sauf Ã  Rome oÃ¹ les esclaves d'Ã©tat pouvaient jouir d'une grande richesse et d'une grande influence politique.

Ce qui est bien sur en contradiction avec Aristote parce qu'on voit bien que les esclaves sont des individus Ã  qui on prÃªte une certaine intelligence et des facultÃ©s qui ne sont pas simplement physiques. En plus de Ã§a, un esclave n'Ã©tait esclave par son patrimoine gÃ©nÃ©tique et sa condition. Un esclave pouvait se racheter par le travail en accumulant son pÃ©cule ou bien par la volontÃ© de ses maitres en Ã©tant affranchi, il passe ainsi d'esclave Ã  mÃ©tÃ¨que et ses enfants pouvaient devenir des citoyens d'athÃ¨nes. Alors qu'un esclave de plantations aux Ã©tats unis reste esclave et ses enfants le restent Ã©galement."
2020-05-22 06:48:14,Eternal_Sunshine,"Je suis un grand mÃ©tÃ¨que alors je connais bien depuis que j'ai dÃ©passÃ© les 190 cm vers 13 ans. A 40 ans pour moi c'est toujours pareil, dernier controle rÃ©cemment car je taillais la haie de mon jardin dans une banlieue trop chic Ã  leurs yeux pour un type comme moi.

Mais depuis Benala j'ai l'impression que c'est pire pour tout le monde. Le fait que ce type soit impuni donne carte blanche aux dÃ©rapages."
2020-01-06 15:36:53,Neker,"&gt;  on dÃ©nonce un type et on obtient une part de son karma 

Nan, Ã§a c'est sÃ»r /r/vichy, et encore, Ã§a ne marche que si le type est communiste, juif ou franc-maÃ§on, ou toute autre sorte de mÃ©tÃ¨que cosmopolite."
2019-12-27 07:13:15,davidplusworld,"En thÃ©orie, oui, un expat, c'est quelqu'un dans un pays Ã©tranger pour une plus ou moins courte durÃ©e, envoyÃ© lÃ -bas par son entreprise, ou quelque chose du genre...

En thÃ©orie... En pratique, ce sont les ressortissants de pays riches, surtout les Blancs qui ne veulent pas s'abaisser Ã  se faire appeler immigrÃ©s, Ã§a fait trop tiers-monde et mÃ©tÃ¨que Ã  leurs yeux."
2019-10-16 12:21:22,romiglups,"""Pythagore et ThalÃ¨s, Ã§a fait un peu mÃ©tÃ¨que, non ?"""
2019-09-18 08:45:12,hypracourgette,"Je pose Ã§a lÃ . Lisez l'article.

&amp;#x200B;

&gt; Cette saletÃ© dit ceci:  
&gt;  
&gt;  
&gt;  
&gt;L'amour de l'Ã©tranger est un truc de nantis;  
&gt;  
&gt;Seuls les richards tolÃ¨rent l'immigration, car ils ne la vivent pas dans leurs quartiers protÃ©gÃ©s. *Â«Les bourgeois de centre-ville, eux, ils sont Ã  l'abri!Â»,* [a dit le prÃ©sident](https://www.lemonde.fr/politique/article/2019/09/17/emmanuel-macron-veut-faire-de-l-immigration-et-de-la-securite-un-cheval-de-bataille_5511216_823448.html);  
&gt;  
&gt;ConnaÃ®tre l'immigration, c'est forcÃ©ment la haÃ¯r;  
&gt;  
&gt;Le peuple la connaÃ®t, lui, la subit dans ses rues et consÃ©quemment la hait;  
&gt;  
&gt;Le peuple hait l'immigration, il en devient fou et il en vote mal;  
&gt;  
&gt;Il faut alors suivre le peuple pour le ramener au bon vote, et avoir la main dure contre l'immigration;  
&gt;  
&gt;Sinon on est un bourgeois, un naÃ¯f, Ã©garÃ© de bons sentiments ou de  mÃ©pris social, et qui prÃ©fÃ¨re le mÃ©tÃ¨que au populo de chez nous."
2019-09-04 11:46:14,NevDecRos,"""Agrabah? Ã§a sonne mÃ©tÃ¨que Ã§a, au bÃ»cher!""

Blague Ã  part c'est assez effrayant comme article. Un tiers des rÃ©publicains et 20% des dÃ©mocrates sondÃ©s prÃªt Ã  soutenir le bombardement d'un pays fictif Ã§a en dit long."
2019-09-02 04:03:43,PatrickD2019,"&gt;Je suppose que tu te considÃ©res comme un authentique descendant de Vercingetorix

La culture franÃ§aise est enracinÃ©e dans les Romains

&gt;Question : qu'est-ce qu'il se passe si on dÃ©couvre que t'es finalement qu'un mÃ©tÃ¨que ?

Les rÃ©sidents Ã©trangers doivent apprendre la culture franÃ§aise. Les mots sont les mÃªmes que la gÃ©nÃ©tique biologique, les mots ont des effets similaires Ã  la gÃ©nÃ©tique biologique, les deux sont des codes d'information. La culture franÃ§aise, ancienne et nouvelle, devrait Ãªtre DISSÃ‰MINÃ‰E auprÃ¨s de tous les citoyens franÃ§ais, y compris les FranÃ§ais d'origine Ã©trangÃ¨re, il faudrait leur apprendre Ã  Ãªtre franÃ§ais.

Cela devrait Ãªtre fait Ã  travers la littÃ©rature franÃ§aise, les bandes dessinÃ©es franÃ§aises, la musique franÃ§aise, les films franÃ§ais, les discours franÃ§ais et les proverbes franÃ§ais"
2019-09-02 02:50:33,kem08,"Ã‰trange cette manie de vouloir racialiser les choses... Les ""vrais"" franÃ§ais d'un cÃ´tÃ© et les franÃ§ais pour de faux de l'autre...
Qu'est-ce que tu espÃ¨res en retour ? Je suppose que tu te considÃ©res comme un authentique descendant de Vercingetorix, si Ã§a Ã§a ne mÃ©rite pas une double ration de frites ğŸŸ Ã  la cantine... Question : qu'est-ce qu'il se passe si on dÃ©couvre que t'es finalement qu'un mÃ©tÃ¨que ?"
2019-08-21 16:57:51,Francois-C,"Ã‡a prouve amplement que c'Ã©tait un mÃ©tÃ¨que, peut-Ãªtre mÃªme un FranÃ§ais de ce pays de merde, lÃ -bas. Ou un KÃ©nyan. Le PrÃ©sident Trump, lui, met du ketchup, et depuis, l'Ã©conomie prospÃ¨re et le chÃ´mage est au plus bas ! (/s)

Quand on relit les commentaires sur le costume beige, on voit que la tolÃ©rance des RÃ©publicains a dÃ» s'amÃ©liorer depuis :

*There is no way I think any of us can excuse what the President did yesterday. When you have the world watching, when you have a week, two weeks of anticipation of what the United States is gonna do. And then for him to walk out -- I'm not trying to be trivial here, no -- in a LIGHT SUIT, light tan suit ...*"
2019-08-15 16:32:58,ArrantPariah,"Moi, singing Le MÃ©tÃ¨que

https://www.youtube.com/watch?v=69gtQXV-EYY"
2019-08-14 14:04:45,Gogo02400,"Je sais ce que l'on dit du FN. Je connais ses origines politiques et sociÃ©tales. Son idÃ©ologie est nationo-souverainiste et anti-systÃ¨me, en apparence tout au moins.

 Les histoires de racisme relÃ¨ve des fait divers et individuels, comme on en  retrouve avec un ancien prÃ©sident de gauche. Ou alors faut Ã©galement considÃ©rer la gauche comme  anti-mÃ©tÃ¨que et anti-sÃ©mite puisqu'ils adulent ce prÃ©sident. 

Je retiens que 35% des votants sont en faveur du FN. La logique voudrait donc qu'autant de franÃ§ais sont de mÃ©chants racistes et antisÃ©mites? J'en doute fort.

Tu as bien rÃ©sumer le point godwin. Tu sais comme moi Ã  quoi il sert. Enfin, je pense que tu connais la phrase que l'on prÃªte Ã  Staline concernant le facisme."
2019-06-26 16:13:10,Gogo02400,"En quoi MLP est extrÃªme? Ou mÃªme d'extrÃªme-droite? 
je rappel au passage que l'on a eu un president ami des ex-vichystes ( avec le sang de juifs sur les mains), rÃ©dacteur d'un journal pro-pÃ©tain et manifestant ''anti-mÃ©tÃ¨que ''. Je crois que les franÃ§ais ont le cerveau tellement lavÃ© qu'ils ne savent pas reconnaitre l'extrÃªme-droit oÃ¹ elle est."
2019-06-05 11:36:24,Th3R3DDr4g0n,"? D'aprÃ¨s les chiffres vus sur le net il y a moins de policiers par habitant au Canada. C'est plus Ã  mon avis une question de MENTALITÃ‰ ""Serve and protect"" alors que chez nous c'est ""payÃ© Ã  rien foutre"". La loi n'est jamais appliquÃ©e en France, tu vas dÃ©poser une plainte, hop, main courante qui sert Ã  rien. Tu appelles pour tapage, ouais bon vous ne vivez pas dans le quartier Aristo alors dÃ©merdez vous. T'as une face de mÃ©tÃ¨que ou des cheveux longs, contrÃ´le, comme si les bandits ne changeaient pas de costumes. Double file, stationnement sur pistes cyclables, camping sauvage, ordures jetÃ©es illÃ©galement, tÃ©lÃ©phone au volant. RÃ©sultat le mec un peu honnÃªte et respectueux dÃ©pense le double d'Ã©nergie et de fric.
Tu  vois qu'on Ã©borgne les manifestants en rentrant du commissariat ou une grosse (ouais un policier en surpoids me pose problÃ¨me, j'ai du mal Ã  le voir courir derriÃ¨re un dÃ©linquant) t'as rÃ©pondu pas le temps quand t'allais faire ta procuration pour voter.
En France les policiers ne font pas leur travail, c'est le principal problÃ¨me. Pourquoi ? Je ne sais pas et j'aimerais comprendre.
Mais du point de vu du citoyen honnÃªte c'est une catastrophe."
2019-04-23 21:18:02,JeSuisParti,"Mitterrand a bien manifestÃ© contre ""l'invasion mÃ©tÃ¨que"" des Ã©tudiants Ã©trangers en mÃ©decine en 1935."
2019-03-27 12:32:07,leviath40,Les mÃ©tÃ¨ques Ã©taient des Grecs et pas toutes les citÃ©s grecques avaient ce concept de mÃ©tÃ¨que. Ce qui se passait Ã  AthÃ¨nes ne peut pas se transposer Ã  tout le monde grec. 
2019-03-27 11:32:27,H3phaistos,"Les mÃ©tÃ¨ques faisaient partie intÃ©grante du systÃ¨me antique. Surtout sur le plan Ã©conomique vus comment les sociÃ©tÃ©s antiques mÃ©diterranÃ©enne Ã©taient basÃ©es sur le commerce.  Donc non, il y avait bien une forte discrimination citoyen/mÃ©tÃ¨que basÃ© sur une appartenance ethnique (souvent dÃ©terminÃ© par l'apparence physique). La discrimination des mÃ©tÃ¨ques, c'est mÃªme l'un de themes principaux des suppliantes."
2019-03-27 11:11:50,John_Mary_the_Stylo,"InterprÃ©tation peut-Ãªtre vachement perso, mais au regard de la sociÃ©tÃ© grecque le mÃ©tÃ¨que n'est pas si diffÃ©rent de l'esclave, dans le sens oÃ¹ tous deux sont exclus de la prÃ©rogative primaire du citoyen, le pouvoir politique.

Dans la vie quotidienne de la citÃ© la diffÃ©renciation essentielle se fait entre l'esclave et le citoyen, les deux rouages de cette sociÃ©tÃ©, en comparaison des mÃ©tÃ¨ques."
2019-03-27 10:41:10,H3phaistos,"&gt;les discriminations sociales sont vastement plus dominÃ©es par le rapport libre/non libre 

Plus par le rapport citoyen/mÃ©tÃ¨que."
2019-03-06 20:32:17,eled_,"&gt; IAM (et Shurik'n)

J'ai un penchant pour Akhenaton (notamment pour MÃ©tÃ¨que et Mat), et je trouve un peu insultant que tu oublies le MC Solaar des annÃ©es 90 :("
2019-02-15 18:47:31,VanDerFrais,"*Â« Que le pÃ¨re s'accoutume Ã  traiter son fils comme son Ã©gal et Ã  redouter ses enfants, que le fils s'Ã©gale Ã  son pÃ¨re et n'a ni respect ni crainte pour ses parents Â»*.

VoilÃ  ce qu'exposait Platon dans la *RÃ©publique.* Il y voyait mÃªme ce qui conduit la dÃ©mocratie Ã  la tyrannie Ã  cause de l'insatiable dÃ©sir de libertÃ© avec, entre autres atrocitÃ©s suivant Platon, *Â« que le mÃ©tÃ¨que devient l'Ã©gal du citoyen, le citoyen du mÃ©tÃ¨que et l'Ã©tranger pareillement Â» et Â« l'Ã©galitÃ© et la libertÃ© dans  les rapports mutuels des hommes et des femmes Â»*."
2019-02-12 12:50:58,Marcette,"Parce que mÃ©tÃ¨que c'Ã©tait extÃ©rieur Ã  la citÃ©, donc dÃ©jÃ  Ã§a prenait en compte tout les autres grecques. Et qu'il n'y avait pas forcÃ©ment de critÃ¨res ethniques derriÃ¨res, et que la faÃ§on dont on essentialisait des populations Ã©taient pas forcÃ©ment liÃ© Ã  Ã§a.

En plus, encore une fois y a des problÃ¨mes d'anachronismes. Il y avait des discriminations dans l'antiquitÃ© et de la xÃ©nophobie clairement, mais on parle de culture, d'institutions et structures sociÃ©tales qui, malgrÃ© leurs influences, nous prÃ©-datent de 2000 ans. C'est pour Ã§a que c'est trÃ¨s dur de faire des comparaisons comme Ã§a, alors que le racisme dont il est question dans nos sociÃ©tÃ©s aujourd'hui dÃ©coule beaucoup plus des thÃ©orisations et des discours coloniaux et esclavagistes, et qui se sont dÃ©clinÃ©s en terme de ""race"".

Dans les Ã©crits antiques on voit des grosses aberrations proto-nationalistes et xÃ©nophobes mais il n'y a pas de lien avec l'ethnie - et celles-ci sont souvent expliquÃ©s par des facteurs environnementaux ou sociÃ©taux (Cheveux blonds Ã  cause du manque de soleil pour les bruler, ou encore populations asiatiques faibles Ã  cause des systÃ¨mes monarchiques et du climat plus constant, le but Ã©tant de montrer une supÃ©rioritÃ© civilisationnelle basÃ© sur le lieu, la culture et les institutions et pas sur des conditions biologiques.). AprÃ¨s y a des (enfin surtout un livre rÃ©cent Ã  ma connaissance) qui parle de proto-racisme(Isaac je sais plus trop quoi.), mais autant dire que je souscris bof Ã  son approche du racisme."
2019-02-12 11:37:11,Marcette,"Euh c'est pas parce que c'est dans le passÃ© que les gens sont forcÃ©ment plus racistes hein. C'est trÃ¨s naÃ¯f comme vision de voir les choses, comme si on Ã©tait forcÃ©ment plus avancÃ©. Et puis c'est trÃ¨s anachronique; le fait qu'un mÃ©tÃ¨que avait un statut particulier est difficilement comparable aux problÃ©matiques racistes actuelles. Y a des pÃ©riodes et des endroits de l'antiquitÃ© oÃ¹ il n'y avait pas un racisme systÃ©mique et une obsessions ethnique comme on le trouve aujourd'hui. Y avait des proto-patriotismes/nationalismes forts et rigides mais pas de critÃ¨res ethniques pour autant.

Et puis la dÃ©mocratie directe pour 5% de la population vivant Ã  ou autour d'AthÃ¨nes, y a vraiment mieux."
2018-12-15 17:05:12,agumonkey,"J'avais tendance a blaguer que si les banlieusards s'habillaient en polo y'aurait plus de ~racisme.

Pour ton premier paragraphe, je crois que c'est un besoin naturel d'une societe de pas avoir a trop reflechir pour comprendre un membre. Sans pour autant tomber dans l'uniformite et la consanguinite quoi, c'est plus agreable quand tout le monde voit un peu les choses de la meme maniere. Ca m'emmerde de demander aux gens de donner des noms francais, mais parfois ca me manque les noms un peu plus traditionnels (euro/latin/catho en gros). Je sais pas pourquoi mais les asiats ont joue ce jeu a 90%, les trois quarts avaient un prenom bien francais, et un prenom pour la famille. Je sais pas si ca les a rendu schizo ou triste. Meme mon medecin juif tunisien avait aussi deux prenoms.

Pourquoi les gens se sentent pas francais .. c'est une grande question mais aussi peut-etre une fausse question. Evidemment qu'un maghrebin dans une cite delabree d'un quartier considere comme a eviter parce que ca fait 10 ans que y'a des problemes, il va pas etre heureux et pas vouloir entendre parler de gaulois. Je sais pas si c'etait le cas aux debuts quand les trucs etaient neufs.

Y'a des mini documentaires de l'INA sur les banlieues (60s, 70s, 80s) ou on voit les jeunes dire ""moi j'ai une tete d'arabe"" je sais pas ce qu'ils ont voulu entendre par la. L'impossibilite d'etre vu francais a cause de leur tronche. J'avoue, que j'ai un reflexe de me dire 'gueule de meteque, je vais encore avoir la migraine' mais dans le fond non, c'est un reflexe tordu du a des annees de petits problemes et de matraquage mediatique, de FN aux 2nd tour etc. Mais des qu'un type parle c'est sa facon d'etre, ses idees, ses emotions qui m'interessent plus que son apparence. Le truc c'est qu'avec la banlieue on fait un peu face a un groupe de mal-aimes assez replies sur eux-memes. Ca va souvent finir en ""nous vs vous"". Choc culturel a 500m de distance.

ps: Ah et un truc, j'ai dit partout que je reviens de Martinique. La bas les gens (hors capitale administrative) sont tellement doux et chill .. t'oublie tres tres tres vite la couleur. J'exagere presque mais un mec qui avait tente de me vendre de la weed a une fete communale m'a laisse la politesse quand je descendait des marches, limite avec une courbette. C'est un exemple con, mais j'en ai eu pleins de cas comme ca, la gentilles mon pote.. tu flippes tellement t'oublies ce que c'est en banlieue. Je te garantie que si les banlieusards etaient comme ca, ce sujet n'existerait meme pas. Bref, offrons des billets de train pour les iles."
2018-11-07 14:55:04,Wokati,"Cet article :

&gt; Raciologie : nous avons besoin dâ€™un guide pratique de lâ€™afro-bougnoulisation des villes et villages de France, de Belgique et de Suisse

Quelques extraits :

&gt; Vous Ãªtes nombreux Ã  commenter depuis vos villes et je pense quâ€™un Guide Michelin de la nÃ©grification est utile voire trÃ¨s utile. Jâ€™ai personnellement eu une expÃ©rience dans le passÃ© qui me fait dire que câ€™est utile.


&gt; Vous prenez une carte, vous prenez la route, vous arrivez dans une ville que vous ne connaissez que de nom, vous allez Ã  lâ€™hÃ´tel et vous dÃ©couvrez que vous Ãªtes en fait en AlgÃ©rie.

C'est trÃ¨s inclusif :

&gt; Le guide est assez flexible, on peut mentionner bougnoules et youdis, sans problÃ¨me. Chinetoques aussi.

Et des gens qui postent ce genre de commentaire :

&gt; â€“ Amboise : Les fÃ©licitations du jury, pas vu un seul nÃ©gro ou un bougnoule, jâ€™ai jamais vue une ville franÃ§aise aussi blanche honnÃªtement, fÃ©licitation Ã  la municipalitÃ©. Que du Blanc partout, pas vu un seul mÃ©tÃ¨que un bougnoule ou un noir (probablement quâ€™elle ne sâ€™est pas encore vue imposÃ©e de constructions de HLM ou logements Â« sociaux Â»), et les Ambaciennes de souche avaient lâ€™air trÃ¨s jolies et encore pure, je mâ€™y suis senti trÃ¨s bien et la visite du Clos LucÃ© Ã©tait vraiment gÃ©niale ğŸ™‚


&gt; â€“ Blois : Magnifique petit centre-ville REMPLI DE BOUGNOULES arrogants qui squattent la rue principale et les bars en face du pont de la Loire, il se font des checks entre eux, je suis arrivÃ© par la Loire via un chemin de randonnÃ©e et en arrivant sur le premier rond point asphaltÃ© de Blois, premiÃ¨re bagnole croisÃ©e un couple de gros black puants avec la nÃ©gresse les pieds sur le tableau de bord â€¦ putain bonjour lâ€™image â€¦ On a lâ€™impression dâ€™Ãªtre en rÃ©gion parisienne quel massacre, câ€™est dommage la Loire est si bel Ã  cet endroit.


&gt; Pâ€™tite remarque cependant les gamins de souche que jâ€™ai croisÃ© Ã  vÃ©lo ou Ã  pied Ã©taient tous trÃ¨s bien Ã©levÃ©s avec un Â« Bonjour monsieur Â» trÃ¨s spontanÃ© Ã  chaque fois.



Ainsi qu'un certains nombre de photos ""oh mon dieu regardez la place de la gare il y a pas un seul blanc"".


"
2018-09-14 15:25:36,Orolol,"&gt; Il existe des tas d'autres rÃ©actions plus Ã©laborÃ©es surtout quand les assauts sont rÃ©pÃ©tÃ©s depuis longtemps (sagesse, rÃ©signation, lutte politique, ruse, repli, recherche d'integration, que sais-je encore.)

Belle thÃ©orie. Dans la rÃ©alitÃ©, les gens n'ont pas arrÃªtÃ© de voter FN juste parce qu'on les appellent racistes.  
  
&gt; Oui remplace ""sociÃ©tÃ© qui l'a engendrÃ©"" par ""race"" et te voilÃ  dans la peau d'un mÃ©tÃ¨que.  
  
Pas compris.  
  
&gt; En miroir, on ne demande pas beaucoup leur avis aux ""camarades opprimÃ©s"" pour qui l'on prend la parole. 
 
Qui est ce ""on"" ?   
  
&gt; Tu crois que les tenants de l'identity politics veulent instaurer des rÃ©gimes d'appartheid ? J'espÃ¨re que tu te trompes, je vais me renseigner.  
  
Non je pense pas que cela soit leur but. NÃ©anmoins, il se peut que leur actions dÃ©passent leur volontÃ©.  
  
&gt; Il y aurait une concurrence entre les luttes, c'est intÃ©ressant.  
  
Evidemment, dans un espace social et mÃ©diatique limitÃ©, il y a une concurrence des luttes. Le temps n'Ã©tant pas extensible a l'infini, et l'Ã©nergie des gens Ã©tant limitÃ© dans le temps, on ne peut pas lutter pour tout, tout le temps. De plus, sans une approche globale du combat social, la lutte est condamnÃ©e a se heurter au cadre indÃ©passable de la sociÃ©tÃ© capitaliste, qui par essence discrimine, paupÃ©rise, et qui a besoin d'une hiÃ©rarchie de classe. Toute lutte qui ne remet en cause cette hiÃ©rarchie et ce systÃ¨me est condamnÃ©e a les reproduire, sous diffÃ©rentes conditions. Il en va de mÃªme pour toutes les super-structures. "
2018-09-14 14:35:04,De_Golry,"&gt; C'est tout simplement faux.

Tu te braques !

&gt; D'une, tu prends le risque de braquer ton interlocuteur, ce qui se passe dans la grande majoritÃ© des cas.

Il existe des tas d'autres rÃ©actions plus Ã©laborÃ©es surtout quand les assauts sont rÃ©pÃ©tÃ©s depuis longtemps (sagesse, rÃ©signation, lutte politique, ruse, repli, recherche d'integration, que sais-je encore.)

&gt; De deux, tu pars du principe que ton interlocuteur est, a Ã©tÃ©, et sera celui qui inflige, directement, ces discrimination. Tu le rends responsable, lui et lui seul, des maux d'une sociÃ©tÃ© qui l'a engendrÃ©. 

Oui remplace ""sociÃ©tÃ© qui l'a engendrÃ©"" par ""race"" et te voilÃ  dans la peau d'un mÃ©tÃ¨que.

&gt; De trois, l'Identity Politics ne cherche pas Ã  convaincre l'homme blanc, puisque celui ci, mÃªme en tant qu'alliÃ©, n'a de toutes faÃ§on pas voix au chapitre. 

En miroir, on ne demande pas beaucoup leur avis aux ""camarades opprimÃ©s"" pour qui l'on prend la parole.

&gt; De quatre, jamais dans l'histoire quoi que ce soit de ressemblant a fonctionnÃ©. En Irak, les politiques anti-chiites ont succÃ©dÃ© aux politiques anti-sunnites sans aucun signe d'apaisement. L'Afrique du Sud est un autre exemple. La loi du Talion, c'est le moyen-Ã¢ge.

Tu crois que les tenants de l'identity politics veulent instaurer des rÃ©gimes d'appartheid ? J'espÃ¨re que tu te trompes, je vais me renseigner.

&gt; De cinq, le problÃ¨me de fond n'est jamais traitÃ© de cette faÃ§on. La sociÃ©tÃ© reste inÃ©galitaire, elle continue a gÃ©nÃ©rÃ© des minoritÃ©s, elle continue a opprimer les plus faibles.

Il y aurait une concurrence entre les luttes, c'est intÃ©ressant.

"
2018-08-26 12:54:33,Jeancharlot,"Salut, tu joues de l'amalgame, ta rhÃ©torique n'est qu'une masturbation et tu joues le sophiste.

Oui le blanc bÃ©nÃ©ficie d'un privilÃ¨ge dÃ» Ã  la pyramide qu il Ã©tablie sur les races. Ce sont ses propres restes de son histoire colonialiste.

Maintenant si tu veux me faire la leÃ§on sur la victimisation due au racisme, je t'invite Ã  vivre ma vie de basanÃ©. 

C'est simple, Ã§a commence Ã  la maternelle, tu es le dernier servi Ã  la cantine. Le bus s'arrÃªte 10 m aprÃ¨s l'arrÃªt et semble repartir avant que j'y monte.
Ce sont ensuite les bastons contre le mÃ©tÃ¨que pendant le cours de gym.
Bref quand t'es une vraie victime, ta vie n'est pas ordinaire, tu longes les murs.

Et avant que le blanc vive un racisme systÃ©mique Ã  l'embauche, devant un bailleur, il y aura beaucoup d'eau qui sera passÃ© sous les ponts."
2018-07-20 08:52:28,Andelia,"[Foule Sentimentale](https://www.youtube.com/watch?v=V_SNDGwwGFM) d'Alain Souchon.   
[Caravane](https://www.youtube.com/watch?v=xHJoY0oSD_Y) de RaphaÃ«l.   
[Le Sud](https://www.youtube.com/watch?v=FgxwKEuy-pM) de Nino Ferrer.   
[La Montagne](https://www.youtube.com/watch?v=EL9E5mqljQs) de Jean Ferra.   
[Le MÃ©tÃ¨que](https://www.youtube.com/watch?v=MV8fGf-N06A) de Georges Moustaki.   
  
Tu peux regarder ce que ces gens ont fait d'autres, il y a beaucoup de jolis morceaux de guitare avec de beaux textes dans leur discographie. LÃ , je ne t'ia donnÃ© que leurs morceaux vraiment connus et populaires."
2018-06-17 11:29:10,triplebernard,"Tout Ã  fait marrant que le thÃªme ancestral d'extrÃªme-droite du ""pays rÃ©el"" soit repris avec talent par un ""mÃ©tÃ¨que"". J'adore !!!"
2018-05-17 07:50:46,bitesurfron,"Conversano, le mÃ©tÃ¨que ethno nationaliste"
2018-05-15 11:01:58,Guy_Yottine,"**Quelques jours plus tard, vous avez dÃ©missionnÃ© de votre poste par un simple tweet, sans raison. PourquoiÂ ?** 

 Le 15 mars, je suis invitÃ© au conseil rÃ©gional dâ€™Ãle\-de\-France par Jordan Bardella *\[conseiller rÃ©gional â€“ ndlr\]*, pour la rÃ©organisation du FNJ. Il me ditÂ *: Â«Â Je suis le nouveau prÃ©sident, tu seras responsable de la vie Ã©tudiante.*Â Â»  Mais une heure aprÃ¨s ce rendez\-vous, il mâ€™appelle et me dit que le  militant qui a filmÃ© la vidÃ©o leur aÂ transmisÂ un Ã©change de SMS avec  moi*:Â Â«Â Câ€™est toi qui as envoyÃ© la vidÃ©o, tu comprendras que ce nâ€™est  plus possible, Marine a vu la capture dâ€™Ã©cran, on ne peut pas te garder.  Tu dÃ©missionnes, tu disparais.*Â Â» Je lui demande de ne p*as Â«Â Ã©bruiter lâ€™informatio*nÂ Â».Â Le deal, câ€™Ã©taitÂ : tu ne fais aucune dÃ©claration et on ne dit pas que tu as balancÃ© la vidÃ©o.

**Le FN vous accuse dâ€™avoir fait fuiter cette vidÃ©o dans la presse  parce que vous visiez le poste de Davy Rodriguez au FNJ. Que  rÃ©pondez\-vous Ã  celaÂ ?**

Je ne voulais pas sa place, jâ€™Ã©tais trÃ¨s bien lÃ  oÃ¹ jâ€™Ã©tais, je  voulais continuerÂ de m'occuper des questions d'enseignement supÃ©rieur,  câ€™est une passion pour moi,Â on allait lancer une force Ã©tudiante. Bien sÃ»r, on mâ€™aurait proposÃ© la prÃ©sidence, je nâ€™aurais pas crachÃ© dessus. Le journal [*Marianne*](https://www.marianne.net/politique/negre-de-merde-le-militant-fn-qui-diffuse-la-video-egalement-renvoye-du-parti) a parlÃ© dâ€™un *Â«Â un sordide rÃ¨glement de comptes entre militantsÂ Â»*, ce nâ€™est pas Ã§a.

**Quelles ont Ã©tÃ© les rÃ©actions dans le parti par rapport Ã  vousÂ ?**

Quatre\-vingt\-dix pour cent des gens, câ€™Ã©tait le silence radio.  Le soutien est venu de ceux qui voient bien quâ€™il y a un problÃ¨me au  Front national. Une amie mâ€™a ditÂ : *Â«Â Tu as failli en nous balanÃ§ant, et nous avons failli en restant.Â Â»*

**Quels ont Ã©tÃ© vos Ã©changes avec la direction du FNÂ ?**

Le 15 mars, j'ai Ã©changÃ© par SMS avec Louis Aliot, dont j'Ã©tais proche politiquement. Je lui ai dit que j'avais *Â«Â craquÃ©Â Â»* avec la vidÃ©o car Davy me *Â«Â rabaissaitÂ systÃ©matiquementÂ Â»*. Il m'a dit que j'aurais dÃ» lui envoyer, et qu'*Â«Â en effet Ã§a nous a fait beaucoup de malÂ Â».* IlÂ a rÃ©clamÃ© mes autres Ã©changes avec le secrÃ©taire dÃ©partemental qui m'avait demandÃ© d'envoyer la vidÃ©o.

**VousÂ avez aussi reÃ§u des attaques anonymes violentes en provenance de l'extrÃªme droiteÂ ?**

Oui, de la part de comptes dâ€™influence nationaliste sur Twitter et [dâ€™un blog anonyme dâ€™extrÃªme droite](https://democratieparticipative.biz/la-video-du-numero-2-du-fnj-traitant-de-negre-de-merde-un-bamboula-avait-ete-fuitee-par-un-meteque-putschiste/) qui me traitait notamment de *Â«Â mÃ©tÃ¨queÂ Â» Â«Â dÃ©trui\[sant\] lâ€™ordre blancÂ Â»*.  Le 9 mai, jâ€™ai dÃ©posÃ© plainte contre X pour Â«Â injure publique envers un  particulier en raison de sa race, sa religion ou son origineÂ Â».Â Jâ€™ai  aussi reÃ§u trois appels anonymes, dont l'un en pleine nuit, avec une  voix dÃ©formÃ©e mâ€™insultant, des mots du style Â«Â sale arabeÂ Â»,  Â«Â infiltrÃ©Â Â».

**Lors de la rÃ©vÃ©lation de cette vidÃ©o, vous m'aviez dit avoir voulu  dÃ©noncer les propos racistes de Davy Rodriguez parce qu'il vous** ***Â«Â humiliaitÂ Â»*** **vous\-mÃªme** ***Â«Â depuis des moisÂ Â»*****. Que s'est\-il passÃ©Â ?**

Lorsque GaÃ«tan Dussausaye a plus ou moins annoncÃ©  quâ€™il voulait quitter la prÃ©sidence du FNJ, jâ€™Ã©tais en Â«Â pole  positionÂ Â». Davy \(Rodriguez\) s'est mis Ã  s'en prendre Ã  moi, câ€™Ã©tait  rÃ©pÃ©tÃ© et systÃ©matique, tout le temps, devant tout le monde,  publiquement: des propos racistes, antisÃ©mites, homophobes. Cela a durÃ© presque un an.

**Par exempleÂ ?**

Câ€™Ã©tait Â«Â pute juive dâ€™AliotÂ Â», parce que je me suis beaucoup  rapprochÃ© dâ€™Aliot, qui est juif Ã©galement par sa mÃ¨re.Â Il dÃ©testait  Aliot â€“Â il ne sâ€™en cachait pasÂ â€“, parce que juif. Il disaitÂ : *Â«Â Vous avez vu, ils font de lâ€™entrisme les juifs, ils travaillent ensemble parce quâ€™ils sont juifs.Â Â»* Il parlait aussi de lobby gay au Front national.Â Il  me traitait de â€œmÃ©tÃ¨queâ€ â€“Â il nâ€™Ã©tait pas le seul. Parfois les regards  qui se posent quand vous rentrez dans une piÃ¨ce et que vous Ãªtes le seul  typÃ©, veulent dire tellement beaucoup plus que des mots. Câ€™est le pire  du racismeÂ : *Â«Â Tu viens dâ€™oÃ¹, tu es de quelle origineÂ ?Â Â»* Non, je suis franÃ§ais. Je pensais que le Front national avait Ã©voluÃ© sur ce discours\-lÃ , parce que Marine LeÂ Pen le disait.

 **Pour vous, est\-ce que cela tournait au harcÃ¨lementÂ : vous posez ce motÂ ?**

Oui, oui, jâ€™ai Ã©tÃ© harcelÃ©. Câ€™Ã©tait une guerre psychologique.  Davy \(Rodriguez\) se sentait tout\-puissant, parce quâ€™il avait fait  Sciences\-Po, quâ€™il Ã©tait trÃ¨s Ã©loquent, il vous dÃ©stabilise par sa  culture, son verbe.

**Lorsqu'il tenait de tels propos, quelleÂ Ã©tait la rÃ©action du groupe autourÂ ?**

Ã‡a rigole, et Ã§a passe Ã  autre chose. Parce que finalement, les Â«Â casÂ Â» comme moi dÃ©rangent *\[au FN â€“ ndlr\]*. Tout comme Jean Messiha *\[un Ã©narque qui a coordonnÃ© le projet 2017 de Marine LeÂ Pen â€“ ndlr\]*Â :  câ€™est lâ€™Arabe qui a rÃ©ussi, qui est patriote, qu'on ne peut pas  expulser. Mais si on suivait la logique,Â on devrait Ãªtre expulsÃ©s, on  est un bug dans la logique nationalisteÂ !

**Jean Messiha est loin d'avoir un discours modÃ©rÃ©â€¦**

Câ€™est le cÃ´tÃ© Â«Â je suis plus royaliste que le roiÂ Â»Â : je suis  plus anti\-immigration que le Front national. Cette virulence du  discours, câ€™est pour dire Â«Â je suis bien franÃ§aisÂ Â». Moi aussi je lâ€™ai  eu, trÃ¨s certainement.

**Avez\-vous signalÃ©Â ce harcÃ¨lement Ã  la direction du Front nationalÂ ?**

Câ€™Ã©tait impossible de dÃ©noncer cela, car câ€™est rentrer dans la  logique de la presseÂ : le racisme nâ€™existe pas au Front national. Mais  tout le monde savait. Pour moi, le Front national nâ€™est pas un parti  raciste, mais câ€™est un parti qui nâ€™a pas de problÃ¨me avec les racistes  â€“Â tant que ce nâ€™est pas su publiquement. Les racines du Front national  ne changeront jamais.

Par ailleurs, jâ€™Ã©tais dans une impasseÂ : comment peut\-on  dÃ©noncer quelque chose quand on ne se conÃ§oit pas soi\-mÃªme sousÂ cette  Ã©tiquetteÂ ?Â On ne peut pas se dÃ©fendre parce que cela veut dire assumer  publiquement. On ne peut pas dÃ©noncer, on ne peut pas se plaindre. Donc  quâ€™est\-ce quâ€™on faitÂ ? On se tait, on sourit. Il mâ€™a attaquÃ© moi parce  quâ€™il savait mes Â«Â faillesÂ Â» par rapport Ã  mon origine \(je suis nÃ© Ã   l'Ã©tranger, j'ai une double nationalitÃ©\) etÂ ma religion \(juive\). Je ne  sais pas comment il a su tout cela, car je n'en parlais pas au Front  national.Â 

**Revenons un peu en arriÃ¨reÂ : quand et pourquoi vous Ãªtes\-vous engagÃ© au Front nationalÂ ?**

Ã€ 16 ans, je me suis engagÃ© chez les Jeunes Pop, maisÂ parce que mes parents Ã©taient Ã  l'UMP.Â Je  ne me suis jamais retrouvÃ© dans cette droite libÃ©rale, bourgeoise. Je  ne me suis jamais senti de gauche ni de droite. J'ai toujours euÂ une  conscience rÃ©publicaine mais aussi sociale et humaniste. Ã€Â 14 ans, je chantais *lâ€™Internationale*, cet idÃ©al mâ€™a toujours fascinÃ©, j'aime beaucoup les discours de JaurÃ¨s. Mon meilleur ami Ã©tait communiste. Je suis allÃ© auÂ Bois Dormoy aider des migrants. Puis lorsque  j'Ã©tais prÃ©sident du Parlement des Ã©tudiants â€“Â une association qui  simule des sÃ©ances parlementairesÂ â€“, jâ€™ai rencontrÃ© des gens du Front  national *via* le groupe Rassemblement bleu marine. J'ai adhÃ©rÃ© fin 2015.

**Quâ€™est\-ce qui, sur le plan idÃ©ologique, a motivÃ© votre adhÃ©sion au Front nationalÂ ?**

Le patriotisme et la dÃ©fense des travailleurs. Je suis plutÃ´t  antilibÃ©ral, contre la mondialisation. Et surtout, je pensais  sincÃ¨rement que le Front national avait mutÃ© avec Marine LeÂ Pen dans un  discours assimilationniste, Ã  la ChevÃ¨nement. Je considÃ¨re que la France  ce nâ€™est pas une race,Â mais une idÃ©e, que le peuple franÃ§ais sâ€™est  forgÃ© par lâ€™assimilation de diffÃ©rents peuples. Cet idÃ©al de la IIIe  RÃ©publique, je pensais, par les discours de Marine LeÂ Pen et de Florian  Philippot que jâ€™entendais, que câ€™Ã©tait le nouveau Front national.

**CommentÂ cela se passe lorsque vous arrivez au FNÂ ?**

On est intÃ©grÃ© de suite, onÂ monte vite quand on  est jeune et motivÃ©. Il nâ€™y a pas ce cÃ´tÃ© entrisme ou jeux de pouvoir  des grands partisÂ : le Front national, c'est une TPE\-PME, Ã§a se fait  comme Ã§a.Â Jâ€™Ã©tais un peu une aubaine pour euxÂ : ancien prÃ©sident du  Parlement des Ã©tudiants, un Ã©tudiant normal, pas un skinhead au crÃ¢ne  rasÃ©.Â En quelques mois seulement, et sans avoir rencontrÃ© Florian  Philippot, je me suis retrouvÃ© prÃ©sidentÂ du syndicat des Ã©tudiants, mis  en avant, balancÃ©Â dans les mÃ©dias.Â 

Jâ€™avais un mot dâ€™ordreÂ : faire vivre ce collectif qui  nâ€™existait pas. Donc jâ€™ai pris une annÃ©e de cÃ©sure Ã  la fac, jâ€™ai fait  un mini\-tour de France oÃ¹ jâ€™ai visitÃ© une douzaine de sections pour  prÃ©senter le programme de Marine LeÂ Pen pour lâ€™enseignement supÃ©rieur.  Jâ€™allais dans les meetings, je rÃ©pondais aux mÃ©dias. Câ€™Ã©tait une annÃ©e  de folie.

**Quâ€™est\-ce qui vous a frappÃ© dans lâ€™organisation du partiÂ ?**

Il nâ€™a aucune organisation Au second tour de la prÃ©sidentielle,  câ€™est une collÃ¨gue et moi qui avons nous\-mÃªmes crÃ©Ã© une petite cellule  pour rÃ©pondre au tÃ©lÃ©phoneÂ sur leÂ programme. Aujourdâ€™hui, je me dis que  si le Front national Ã©tait arrivÃ© au pouvoir, il aurait Ã©tÃ© incapable de  gouverner. Parce quâ€™il ne peut pas remplir les ministÃ¨res,Â il n'a  personne en capacitÃ© de diriger la France demain. Alain Avello *\[Ã  l'Ã©poque, prÃ©sident du collectif des enseignants du FN â€“ ndlr\]*  aurait par exemple sÃ»rement Ã©tÃ© nommÃ© ministre de lâ€™enseignement  supÃ©rieurÂ : il a militÃ© Ã  Ã‰galitÃ© et RÃ©conciliation, l'association  d'Alain Soral, il ne s'en cache pasâ€¦ Moi, jâ€™aurais peut\-Ãªtre Ã©tÃ©  conseiller alors que je nâ€™en avais pas les capacitÃ©s, clairement."
2018-02-06 12:05:41,eeeklesinge,"&gt; En bref, Ãªtre antisÃ©mite n'est pas un critÃ¨re de stupiditÃ© ni de gÃ©nie, c'est banal et Ã§a doit Ãªtre ignorÃ© lors des commÃ©morations. 

Absolument pas. C'est une indigence intellectuelle, surtout pour quelqu'un de son Ã©poque. 

Quant Ã  ses articles, si c'est pour se gargariser de traiter Blum de sale juif Ã  longueur de papier ou se palucher sur l'horrible dÃ©mocratie qui permet au mÃ©tÃ¨que de peser, il peut en Ã©crire 100 000 que Ã§a serait toujours de la diarrhÃ©e intellectuelle.
"
2018-01-20 14:35:30,dont-listen-podcast,"Yes I think that's been repeated a lot in this thread, starting with me.  Actually, if you listen really closely, it's kind of what Akhenaton was saying, too, in his album Â« MÃ©tÃ¨que et mat Â» back in 1995."
2017-12-20 13:23:30,Rc72,"&gt; La figure de l'homme d'affaire qui s'avÃ¨re Ãªtre un voleur et un criminel m'a surprise tant je la trouve aujourd'hui assez connotÃ©e. 

Bon, HergÃ© n'Ã©tait pas Ã  [son premier homme d'affaires sans scrupules et un poil ""mÃ©tÃ¨que""](http://tintin.wikia.com/wiki/Mr._Bohlwinkel). En connaissant ce prÃ©cÃ©dent la scÃ¨ne me met d'autant mal Ã  l'aise qu'on sait bien que le personnage de Carreidas Ã©tait fort inspirÃ© par [un ancien dÃ©portÃ©](https://fr.wikipedia.org/wiki/Marcel_Dassault)..."
2017-12-14 15:16:12,_elFred_,"Du coup est-ce que ce terme pourrait s'appliquer Ã  ma pomme alors que je suis grand, blond avec un phÃ©notype qui fait que si je mets pour une soirÃ©e dÃ©guisÃ©e un uniforme noir crÃ©Ã© par Hugo Boss je suis un poil trop rÃ©aliste (bien que je sois juste un mÃ©tÃ¨que du nord et de l'est de l'Europe)"
2017-12-06 10:39:23,WeshWeshLesDjeunz,"Les gens tombent toujours de haut lorsqu'on leur apprend que:

- [Une ENORME part des personnes ayant votÃ© pour les pleins-pouvoirs Ã  PÃ©tain Ã©taient ""de gauche""](https://fr.wikipedia.org/wiki/Vote_des_pleins_pouvoirs_constituants_%C3%A0_Philippe_P%C3%A9tain)

- Mitterrand Ã©tait un ancien cagoulard, avec des preuves de son implication dans des dÃ©filÃ©s contre ""l'invasion mÃ©tÃ¨que"" 

En gros, l'Histoire ne se rÃ©sume pas Ã  ""la droite = proche des nazis, et la gauche = rÃ©sistants"", bien au contraire."
2017-08-09 08:33:32,_elFred_,"En fait c'est juste que ton camouflage est mauvais /s

Je dis Ã§a car je suis plus mÃ©tÃ¨que que pas mal de gents ayant plus de mÃ©lanine que moi mais je passe inaperÃ§u globalement sauf quand le ""con"" se rend compte que je fais vachement ""boche"" quand mÃªme.
Chose qui me fait partir dans les tours vu mes origines.


Mais bon revenons sur le point l'insistance de l'individu c'est un gentil con IMO il ne faut pas te formaliser plus que Ã§a,au moins il Ã  pour lui une certaine curiositÃ©/ouverture d'esprit c'est ce qu'il faut retenir."
2017-05-31 13:00:48,Dranerel,"Zemour, ce mÃ©tÃ¨que, ambassadeur de Barbarie, apÃ´tre de la nuisance sociale, aurait eu fort Ã  faire face Ã  nos philosophes humanistes et Ã©clairÃ©s."
2017-05-19 10:01:13,Officines,"J'aime Ã©normÃ©ment, dans ton second lien, comment Ã  chaque action douteuse, certains partisans essayent de se raccrocher aux branches: 

&gt; la prÃ©sence de FranÃ§ois Mitterrand dans une foule confuse Ã  la fin de cette manifestation contre Â« l'invasion mÃ©tÃ¨que Â» en fÃ©vrier 1935 ne signifiait pas grand chose.

Puis:

&gt; Selon Jean Lacouture, dans un point de vue non repris lors de sa collaboration avec Patrick Rotman[7], ces manifestations contre Gaston JÃ¨ze Ã©taient un chahut d'Ã©tudiants contre un enseignant tyrannique

et enfin:

&gt; L'historien Philippe Bourdrel indique Ã©galement que plusieurs Ã©lÃ©ments liant Mitterrand Ã  La Cagoule posent question, sans que l'on puisse obtenir de rÃ©ponse claire"
2017-05-15 11:42:53,yoshi570,"Va falloir que tu revois tes cours d'analyse de texte, sincÃ¨rement. Le nombre de mots en soi ne veut rien dire: tu peux Ã©crire un texte qui ne parlera que de pommes de terre tout le long et dont la portÃ©e sera sur les consÃ©quences Ã©conomiques du communisme. Tu peux aussi avoir l'inverse, un texte qui ne parle jamais de pomme de terre dont pourtant ce serait le thÃ¨me principal.

Au delÃ  de Ã§a, mÃªme avec ta mÃ©thode simpliste, on a 350 (poire coupÃ©e en deux) mots sur 1650, soit 21% de l'article. Mettre en avant ne veut pas dire ""en faire le thÃ¨me unique"", donc il est parfaitement cohÃ©rent de penser que si 1/5Ã¨me de son article est axÃ© sur un thÃ¨me, ce thÃ¨me est mis en avant. 

&gt;Et avec la maman je rappelle Ã  toute fin utile que ce n'Ã©tait pas vraiment une dispute et que Ã§a se termine mÃªme sur:
&gt;&gt;Nous Ã©tions clairement sur des extrÃªmes opposÃ©es, mais Ã  aucun moment elle nâ€™a semblÃ© me juger ou sâ€™offusquer de mes positions ou du fait que je les Ã©nonce devant sa fille.

Elle n'a aucune idÃ©e de ce qu'a pensÃ© la femme Ã  cÃ´tÃ© d'elle. La conversation donne trÃ¨s clairement la sensation que cette femme a prÃ©fÃ©rÃ© ne pas insister plutÃ´t que de dire ce qu'elle pense. En d'autres termes, j'ai l'impression qu'elle aimerait pouvoir dire qu'elle a pu donner son avis sans que Ã§a dÃ©range, comme quand elle dit qu'elle s'est disputÃ© mais que c'Ã©tait cool Ã§a va, attends on va aller demander au camioneur qui l'a prise en stop et s'est fait engueuler dans son camion voir si il a pensÃ© que c'Ã©tait cool.

&gt;Tu n'as vu que ce que tu voulais voir dans l'article pour conforter ton biais de confirmation. FÃ©ministe = casse couilles.

En rÃ©alitÃ©, non, c'est toi qui me fais cette impression, pas spÃ©cialement l'auteur. Je dis clairement qu'elle l'est peut-Ãªtre pas, et que c'est surtout qu'elle met en avant des moments oÃ¹ elle l'a Ã©tÃ©. Cela dÃ©note un clair manque de self-awareness quand Ã  sa reloutÃ©. 

&gt;L'auteure parle de 9 autres (dont une indÃ©nombrable vu qu'elle dit ""Il y a eu ces voitures qui sâ€™arrÃªtaient sans mÃªme une sollicitation de ma part"") rencontres qui se sont toutes super bien passÃ©es (plus que neutres pour le coup vu qu'elle a Ã©tÃ© surprise de la gentillesse et de la gÃ©nÃ©rositÃ© de ces gens et que Ã§a s'est super bien passÃ©).
&gt;Mais on retient que 2 fois oÃ¹ elle a eu une opinion diffÃ©rente de ses hÃ´tes et Ã§a en fait une casse couilles. Vous Ãªtes des faux-culs, assumez.

Haha. C'est Ã©norme comme la mauvaise foi peut t'aveugler. :) Avant de t'expliquer pourquoi tu as tort, je veux te donner une chance via des petits exercices:

1. Robert traverse la France en stop, il part de Lille et va Ã  Marseille. Sur le chemin il voyagera avec dix personnes, et se battra avec seulement deux d'entre elles. Robert est-il violent ?
2. Vanessa traverse l'Espagne en stop, elle part de Barcelone et va Ã  SÃ©ville. Sur le chemin elle voyagera avec dix personnes, et se ne volera le contenu du porte-feuille de seulement deux d'entre elles. Vanessa est-elle une voleuse ?
3. Alfred traverse l'Italie en stop, il part de Turin et va Ã  Naple. Sur le chemin eil voyagera avec dix personnes, et  n'insultera de sale mÃ©tÃ¨que que deux d'entre elles. Alfred est-il raciste ?

Pas facile, je sais, bonne chance !"
2017-04-27 09:10:09,Officines,"Effectivement, des gens comme FrÃ©dÃ©ric Chatillon ont un passÃ© assez spÃ©cial.

Cependant, il faut aussi rappeler que des personnes comme [Mitterrand ont aussi un passÃ© dans la mÃªme trempe.](https://fr.wikipedia.org/wiki/Fran%C3%A7ois_Mitterrand).

Pour rappel:

&gt; Ã€ partir de novembre 1934, FranÃ§ois Mitterrand **milite pendant plus d'un an aux Volontaires nationaux**, mouvement de jeunesse de la droite nationaliste des **Croix-de-feu** du colonel de La Rocque5. PortÃ© par un courant trÃ¨s anticommuniste, il adhÃ¨re Ã  ce mouvement jusqu'Ã  la dissolution des ligues factieuses6. Il participe aux **manifestations contre Â« l'invasion mÃ©tÃ¨que Â»** en fÃ©vrier 1935 puis Ã  celles contre le professeur de droit Gaston JÃ¨ze, aprÃ¨s la nomination de ce dernier comme conseiller juridique du NÃ©gus d'Ã‰thiopie, en janvier 19367. Il cultive par la suite **des relations d'amitiÃ©s ou de famille avec des membres de la Cagoule**8

Je t'invite a voir qui Ã©taient [Croix-de-feu](https://fr.wikipedia.org/wiki/Croix-de-feu), [Les volontaires nationaux](https://fr.wikipedia.org/wiki/Croix-de-feu#Vers_un_recrutement_de_masse) ou encore  [la Cagoule](https://fr.wikipedia.org/wiki/La_Cagoule).

Et je n'entends pas des personnes parler du PS comme Ã©tant un groupe de nÃ©o-nazis.

"
2017-03-30 08:39:42,pamcrier,"En fait pas vraiment.

C'est une question intÃ©ressante, car immigrÃ© et Ã©tranger, ce n'est pas la mÃªme chose : https://www.insee.fr/fr/metadonnees/definition/c1328 

Un immigrÃ© est une personne nÃ©e Ã©trangÃ¨re Ã  l'Ã©tranger rÃ©sidant en France. Elle a pu devenir franÃ§aise ensuite mais elle reste immigrÃ©e pour autant.

En mÃªme temps, elle a du point de vue de la loi exactement le mÃªme statut qu'un franÃ§ais non immigrÃ©. Je pense que la distinction doit Ãªtre faite uniquement dans les Ã©tudes statistiques (et au quotidien parce que quand t'as une tÃªte de mÃ©tÃ¨que et que tu rÃ©ponds que tu viens de Bretagne Ã  des gens qui te demandent ton origine, curieusement, ils ne sont souvent pas satisfaits de ta rÃ©ponse...)."
2017-03-08 09:04:26,Rc72,"&gt; Je suis tout de mÃªme ravi que tu aies lu le programme.

&gt; Recommence et cette fois-ci essaie de comprendre. 

&gt; De mÃªme, tu as du mal Ã  comprendre mes rÃ©ponses simples et tu te vautres.

Oh, mais je ne comprends que trop bien ET le programme ET tes rÃ©ponses, et que l'""Ã©galitÃ© rÃ©elle"" sauce FN ne s'applique pas Ã  moi sale mÃ©tÃ¨que. Je suis simplement ravi de voir la gymnastique mentale Ã  laquelle tu es prÃªt Ã  te livrer pour justifier cela."
2017-01-14 05:56:09,Le_Dore,"Le mec il a jamais coupÃ© un fromage mou avec sa carte vitale.

MÃ©tÃ¨que."
2017-01-03 14:40:44,jesuissnaaail,"La semaine derniÃ¨re je buvais avec un ami d'enfance et en parlant de religion j'ai fais l'erreur de dire:

""Franchement j'ai arrÃªtÃ© de croire ces conneries de la bible quand j'ai su qu'elle disait que Dieu avait crÃ©Ã© les hommes Ã  son image et que JÃ©sus et Dieu sont reprÃ©sentÃ© comme Ã©tant blancs. En plus, si JÃ©sus a vraiment existÃ© il Ã©tait mÃ©tÃ¨que vu la rÃ©gion ou il est nÃ©, les fachos seraient dÃ©Ã§us"".

Mon ami d'enfance est trÃ¨s catho et ne me parle plus.

EDIT: Je prÃ©cise que notre Ã©ducation religieuse Ã  mon ami et moi c'est effectuÃ©e dans un milieu oÃ¹ la seule personne de la salle blanche Ã©tait JÃ©sus. Mais bon, j'avais beaucoup bu c'est pas forcÃ©ment cohÃ©rent."
2016-12-30 17:12:41,TenebrisCausae,"&gt; C'est pas plutÃ´t l'Ã©lÃ¨ve qui devrait Ãªtre virÃ© ?

Pas si le proviseur est nettement un catho facho...

Quelle idÃ©e! Un mÃ©tÃ¨que homo comme prof d'espanche; de quoi corrompre la fine fleur de la jeunesse FranÃ§aise! **/s /s /s**"
2016-12-15 23:42:53,lalouisaille,"&gt;L'indiffÃ©rence que je recherche, c'est un droit d'exister au mÃªme titre que les autres. 

Oui je pense que c'est une bonne maniÃ¨re de dÃ©crire ce vers quoi nous aspirons tous.

&gt; Et ce droit, je me l'octroie tout seul. Ã‡a va de paire avec l'idÃ©e que malgrÃ© Â« ma gueule de mÃ©tÃ¨que Â», je suis lÃ©gitime oÃ¹ je suis et les autres en diront ce qu'ils veulent, je SAIS sans aucun doute que je suis Ã  ma place oÃ¹ je me trouve.

Et il faut que tu comprenne qu'Ãªtre dans la situation de pouvoir faire Ã§a, c'est dÃ©ja un privilÃ¨ge. Quand t'as 13 ans et que tu te fais mettre Ã  la rue, tu peux emmerder les homophobes tout ce que tu veux, t'es quand mÃªme Ã  la rue. La discrimination Ã  l'emploi, tu peux l'emmerder tout ce que tu veux, si elle te tombe dessus tu peux pas faire grand chose. Le harcÃ¨lement pareil. Le mythe du stoÃ¯cisme c'est bien, c'est un idÃ©al incroyablement noble que tu as et je le partage, mais il y a des personnes qui ne sont simplement pas dans une position de pouvoir vivre et laisser haÃ¯r. 

&gt;J'en reviens du coup Ã  l'idÃ©e qu'il est deux fois plus important, en prioritÃ©, de pouvoir donner aux homos un espace et un espoir pour exister, que de s'acharner sur ceux qui ne les acceptent pas.

Je pense que c'est lÃ  qu'est le gros point de discorde. Tu parle de personnes et je parle d'un systÃ¨me. Pour moi l'oppression elle est systÃ©mique, donc rÃ¢ler sur les blagues d'hanouna c'est pas rÃ¢ler sur hanouna, c'est rÃ¢ler sur une des trÃ¨s nombreuses expressions de l'opprssion systÃ©mique.

&gt; La classe, c'est de dire Â« vous m'indiffÃ©rez Â» ou au mieux Â« soyez ce que vous Ãªtes, je vous emmerde, je suis ce que je suis Â», plutÃ´t que Â« MÃ©heu, Ã§a c'est trÃ¨s trÃ¨s mÃ©chant ! Mais arrÃªtez euuuuuh ! Â».

C'est assez rÃ©ducteur de dire que je chouine. On peut pas dire les deux ? Je vous emmerde et aussi arrÃªtez d'Ãªtre des connards ? Il y a des victimes, des vrais, et je comprends ton dÃ©sire de ne pas en Ãªtre une, mais accepte qu'il y en a, et que se battre contre un systÃ¨me oppressif c'est pas chouiner, du tout.

&gt; Droit Ã  l'indiffÃ©rence, aussi et surtout droit d'Ãªtre indiffÃ©rent, au dessus de toute cette merde. De ce cÃ´tÃ© lÃ , oÃ¹ est la force de parole, d'action, de la communautÃ© gay.

C'est ton droit d'ignorer toute cette merde, mais t'attends pas non plus de recevoir une mÃ©daille de la part des gens qui essaient de dÃ©blayer.

C'est pas la Gay Pride en tout cas (Ã§a donne pas une image stÃ©rÃ©otypÃ©e, Ã§a?)

Et la solution c'est quoi ? Se comporter bien comme les hÃ©tÃ©ros ils veulent ? Le but c'est d'avoir un jour oÃ¹ tous les gens qui ne se conforment pas aux attentes de la culture mainstream par rapport au genre, peuvent mettre un gros doigt Ã  ces attentes. Pas d'essayer d'Ãªtre le gentil pÃ©dÃ© pas menaÃ§ant. Ã‡a reste une manif Ã  la base, et un rappel annuel que nous ne seront pas assimilÃ©s. Si ta prÃ©sentation est relativement cishÃ©tÃ©ronormative, cool pour toi. Mais si tu pense que ceux qui refusent de passer dans le moule mÃ©ritent pas le respect et mÃ©ritent pas d'Ãªtre vus parce que Ã§a nous donne une mauvaise image bah euh... on t'emmerde comme tu dis :D C'est Ã§a la pride. C'est une cÃ©lÃ©bration de la diffÃ©rence.

&gt;On parle d'une Ã©quipe composÃ©e de Â« people Â», chacun a son rÃ´le prÃ©dÃ©fini et est conscient de faire de la tÃ©lÃ©-poubelle destinÃ©e Ã  faire le buzz, du coup c'est un concours aux phrases choc. Inutile d'exprimer mon rejet pour ce genre d'Ã©mission, mais tout est dit au fond. Je ne vois pas Hanouna comme un Â« maÃ®tre Ã  penser Â», et j'ai assez d'espoir envers les ados pour penser que la majoritÃ© d'entre eux ne sont pas exclusivement influencÃ©s par lui. Le mec se ferait enculer en direct si Ã§a faisait de l'audience et malgrÃ© le CSA. Ils cÃ©lÃ¨brent Â« la merde Â» pour ce qu'elle est, et ne cachent pas en faire - malgrÃ© leur audience qui ne dÃ©senfle pas. 

Ã‡a me rassure pas vraiment, et Ã§a excuse rien.

&gt;et j'ai assez d'espoir envers les ados pour penser que la majoritÃ© d'entre eux ne sont pas exclusivement influencÃ©s par lui

Bin euh si. Ya une frange entiÃ¨re de la population, dans les classes sociales pas aisÃ©es, dont c'est la principale consommation mÃ©diatique (pas que hanouna hein, toute le tÃ©lÃ©-poubelle)

Je vais me coucher. J'espÃ¨re que mon point de vue est plus clair maintenant.


"
2016-12-15 19:43:44,Bicheswantnikes,"**EDIT : POST TROP LONG**

&gt; L'indiffÃ©rence c'est pas rajouter l'homosexualitÃ© Ã  la longue liste des choses qui apparement sont par essence digne de ridicule et de moquerie et aprÃ¨s dire ""mais on vous traite avec le mÃªme ridicule que les autres"". Oui, le mÃªme ridicule que tout ce qui n'est pas un homme, cis, blanc, franÃ§ais, hÃ©tÃ©ro, qui se comporte bien en accord avec le stÃ©rÃ©otype de ce que devrait Ãªtre un homme. L'indiffÃ©rence que tu cherches, Ã§a demande plus de classe que peut fournir cette Ã©mission. Et on devrait pas l'en excuser.

L'indiffÃ©rence que je recherche, c'est un droit d'exister au mÃªme titre que les autres. Et ce droit, je me l'octroie tout seul. Ã‡a va de paire avec l'idÃ©e que malgrÃ© *Â« ma gueule de mÃ©tÃ¨que Â»*, je suis lÃ©gitime oÃ¹ je suis et les autres en diront ce qu'ils veulent, je SAIS sans aucun doute que je suis Ã  ma place oÃ¹ je me trouve. J'en reviens du coup Ã  l'idÃ©e qu'il est deux fois plus important, en prioritÃ©, de pouvoir donner aux homos un espace et un espoir pour exister, que de s'acharner sur ceux qui ne les acceptent pas. La classe, c'est de dire Â« vous m'indiffÃ©rez Â» ou au mieux Â« soyez ce que vous Ãªtes, je vous emmerde, je suis ce que je suis Â», plutÃ´t que Â« MÃ©heu, Ã§a c'est trÃ¨s trÃ¨s mÃ©chant ! Mais arrÃªtez euuuuuh ! Â». A l'Ã©poque oÃ¹ nous vivons, et ayant en tÃªte que je serai toujours Â« controversÃ© Â» Ã  l'heure de ma mort, je trouve que c'est Ã§a, la prioritÃ©. Droit Ã  l'indiffÃ©rence, aussi et surtout droit d'Ãªtre indiffÃ©rent, au dessus de toute cette merde. De ce cÃ´tÃ© lÃ , oÃ¹ est la force de parole, d'action, de la communautÃ© gay ? C'est pas la Gay Pride en tout cas (Ã§a donne pas une image stÃ©rÃ©otypÃ©e, Ã§a?). MÃªme les fÃ©ministes font en mon sens un meilleur boulot. 

Je terminerai lÃ  dessus, je me suis inscrit sur Reddit Ã  l'occasion de la sortie de la Saison 6 de r/americanhorrorstory (plein plein d'homos lÃ  bas, Ã§a se comprend), qui se veut  Ãªtre un commentaire sur la sociÃ©tÃ© et les mÃ©dias actuels (c'est assez maladroit, Ã§a l'est pas vraiment). On y voit entre autre un acteur se vanter d'Ãªtre Â« le mÃ©chant Â» parce que c'est ce qui fait de l'audience. Perso, c'est comme Ã§a que je vois Jean Michel Maire (aka l'homme blanc, franÃ§ais et hÃ©tÃ©ro). Le sexiste, myso, queutard qui se fait huer Ã  chaque rÃ©plique, mais que l'on (est censÃ©) adore(r) dÃ©tester et voir se faire remettre Ã  sa place. On parle d'une Ã©quipe composÃ©e de Â« people Â», chacun a son rÃ´le prÃ©dÃ©fini et est conscient de faire de la tÃ©lÃ©-poubelle destinÃ©e Ã  faire le buzz, du coup c'est un concours aux phrases choc. Inutile d'exprimer mon rejet pour ce genre d'Ã©mission, mais tout est dit au fond. Je ne vois pas Hanouna comme un Â« maÃ®tre Ã  penser Â», et j'ai assez d'espoir envers les ados pour penser que la majoritÃ© d'entre eux ne sont pas exclusivement influencÃ©s par lui. Le mec se ferait enculer en direct si Ã§a faisait de l'audience et malgrÃ© le CSA. Ils cÃ©lÃ¨brent Â« la merde Â» pour ce qu'elle est, et ne cachent pas en faire - malgrÃ© leur audience qui ne dÃ©senfle pas. 


PS : S'il y a des points/aspects plus ""privÃ©s/dÃ©licats"" que tu voudrais aborder, je ne sais mÃªme pas comment fonctionne la boÃ®te MP ici, mais elle t'est ouverte !"
2016-11-16 11:15:53,touristtam,"C'est bien, mais quelle approche pour cette selection. Car IAM c'est quand meme plusieurs albums allant des annees 90 a aujourd'hui avec des influences tres diverses et des membres qui ont tentes des experiences solo.

A ecouter:
 * Ou je vis (Shurik'n)
 * Meteque et mat (Akhenaton)
 * Ombre et Lumiere (IAM) - le double album

Sinon il y a une chanson qui frappe: [La fin de leur monde](https://www.youtube.com/watch?v=QC6Zw_w_1TE)
"
2016-10-29 16:00:42,RithyH,La seule fois ou j'ai entendu le mot mÃ©tÃ¨que utilisÃ© comme injure c'Ã©tait dans Les trois frÃ¨res. Personne parle comme Ã§a depuis des dÃ©cennies. J'imagine  personne refuser Ã  tes lesbiennes un airbnb. Par contre imaginer un gaucho refuser la mÃªme chose Ã  un mec qui vote FN aucun soucis.
2016-10-27 15:54:38,Lolke,"[la citÃ© dÃ©mocratique, altÃ©rÃ©e de libertÃ©] Et ceux qui obÃ©issent aux magistrats, elle les bafoue
et les traite d'hommes serviles et sans caractÃ¨re; par
contre, elle loue et honore, dans le privÃ© comme en
public, les gouvernants qui ont l'air de gouvernÃ©s
et les
gouvernÃ©s qui prennent l'air de gouvernants N'est'll pas
 inÃ©vitable que dans une pareille cite l'esprit de libertÃ©
s'Ã©tende Ã  tout?
Comment non, en effet?
Qu'il pÃ©nÃ¨tre, mon cher, dans l'intÃ©rieur des familles,
et qu'Ã  la fin l'anarchie gagne jusqu'aux animaux ?

Le pÃ¨re s'habitue Ã  devoir traiter son fils d'Ã©gal Ã  Ã©gal et Ã  craindre ses enfants, le fils s'Ã©gale Ã  son pÃ¨re, n'a plus honte de rien et ne craint plus ses parents, parce qu'il veut Ãªtre libre ; le mÃ©tÃ¨que s'Ã©gale au citoyen et le citoyen au mÃ©tÃ¨que, et la mÃªme chose pour l'Ã©tranger. 
C'est bien ce qui se passe, dit-il. 
Ã€ tout cela, dis-je, s'ajoutent encore ces petits inconvÃ©nients : le professeur, dans un tel cas, craint ses Ã©lÃ¨ves et les flatte, les Ã©lÃ¨ves n'ont cure de leurs professeurs, pas plus que de tous ceux qui s'occupent d'eux ; et, pour tout dire, les jeunes imitent les anciens et s'opposent violemment Ã  eux en paroles et en actes, tandis que les anciens, s'abaissant au niveau des jeunes, se gavent de bouffonneries et de plaisanteries, imitant les jeunes pour ne pas paraÃ®tre dÃ©sagrÃ©ables et despotiques.

 Mais, mon ami, le terme extrÃªme de l'abondance de libertÃ© qu'offre un pareil Ã‰tat est atteint lorsque les personnes
des deux sexes qu'on achÃ¨te comme esclaves ne
sont pas moins libres que ceux qui les ont achetÃ©es 
Et nous allions presque oublier de dire jusqu'oÃ¹ vont
l'Ã©galitÃ© et la libertÃ© dans les rapports mutuels des hommes
et des femmes 

t. Platon"
2016-09-23 17:55:42,ThisIsMeOO7,"&gt; Leur sensibilitÃ© n'a jamais Ã©tÃ© et ne sera jamais la mÃªme.

SarkÃ¶zy dit une chose un jour, et le contraire le lendemain, donc encore une fois c'est un peu difficile Ã  suivre. Le fait est que si on s'en tient uniquement Ã  ce qu'il raconte *en ce moment*, avant les primaires LR, je lui trouve comme un air de dÃ©jÃ  vu avec ce que j'ai pu entendre du cÃ´tÃ© du FN quand mÃªme. Je peux vous rassurer, je ne pense pas Ãªtre le seul.

&gt; Rien qu'en matiÃ¨re de politique Ã©trangÃ¨re ils sont drastiquement diffÃ©rents.

*Oh vraiment ?*

Poutine ++

Trump + (si on n'y est pas encore, NS semble bien en train de faire son chemin)

Le reste importe peu, parce que NS sait qu'il s'est complÃ¨tement dÃ©crÃ©dibilisÃ© auprÃ¨s des Allemands et de nos autres voisins europÃ©ens lors de sa prÃ©cÃ©dente mandature.

&gt; Et ne parlons mÃªme pas de la politique Ã©conomique.

MLP n'a jamais eu de politique Ã©conomique (crÃ©dible). NS en a une : ""travailler plus, pour gagner plus""... ah, je veux dire, il en avait une.

Maintenant, c'est : ""boutons le *mÃ©tÃ¨que* hors de France, tout ira mieux et la croissance franÃ§aise repartira sur deux chiffres"".

Je ne sais pas vous, mais je trouve cela pas *si diffÃ©rent* au final..."
2016-09-23 17:43:13,ThisIsMeOO7,"&gt; Ils ont un programme

Oui merci, je suis au courant du PDF qui traine quelque part sur le site du FN. Vous appelez Ã§a un programme crÃ©dible vous ?

En dehors du fait de jeter *de facto* aux orties la constitution et les rÃ¨gles du droit franÃ§ais qui vont avec, est-ce que vous avez posÃ© la question Ã  un Ã©conomiste (sÃ©rieux) de ce qu'il en pense de la crÃ©dibilitÃ© du programme de MLP ?

Sortie de l'Euro, 2Ã¨me porte-avions, augmentation de tout ce qui plait (SMIC, service public, etc.), baisse de tout ce qui dÃ©plait (impÃ´ts, taxes, etc.) ? C'est simple avec MLP, il suffit de le vouloir, et de l'Ã©crire sur un PDF, le reste une affaire du pouvoir de l'imagination collective!

Et je n'ai mÃªme pas encore Ã©voquÃ© les traitÃ©s internationaux (EU, OMC, OTAN, ONU, etc.) auxquels la France s'est engagÃ©e. Ni d'ailleurs comment nos voisins et pays alliÃ©s/amis vont rÃ©agir quand les sbires bleu-blanc-quelque chose se sentiront pousser des ailes au lendemain d'une Ã©lection prÃ©sidentielle FN, pour sortir les battes de base-ball et chasser du ""mÃ©tÃ¨que"" lors d'une nuit de cristal version 2017. Au siÃ¨ge du FN on se lamentera sur des incidents ""regrettables"", sans doute.

Godwin nous voilÃ , je sais, et je vais donc m'en tenir Ã  cela. Pour appliquer le programme du FN, il faudra faire de la France une rÃ©publique bananiÃ¨re (juges FN, tÃ©lÃ©vision FN, etc.), et tous ceux qui ont un minimum de cervelle le savent. De deux choses l'une : ou MLP tente effectivement de faire ce qu'elle avance et se casse la figure sur tout, ou elle n'en fera pas un dixiÃ¨me, parce qu'elle-mÃªme est consciente que son programme est tout simplement inapplicable. Je vous laisse rÃ©flÃ©chir un peu, avant de tirer votre propre conclusion.

TLDR : Le programme du FN est intenable Ã©conomiquement (il n'a *jamais* Ã©tÃ© chiffrÃ© de maniÃ¨re sÃ©rieuse), et impossible Ã  mettre en oeuvre (parce qu'il y a trop de garde-fous dÃ©mocratiques, en France, chez nos voisins ou nos alliÃ©s)."
2016-09-17 20:32:47,camaronmars,"Un mÃ©tÃ¨que, du grec ancien Î¼Î­Ï„Î¿Î¹ÎºÎ¿Ï‚, mÃ©toÃ¯kos, Â« celui qui a changÃ© de rÃ©sidence Â», est dans la GrÃ¨ce antique, un statut intermÃ©diaire entre celui de citoyen et d'Ã©tranger, rÃ©servÃ© Ã  des ressortissants grecs d'autres citÃ©s."
2016-09-17 07:31:59,backtolurk,"Vraiment un post de mÃ©tÃ¨que pauvre, inculte et qui devrait me laisser m'asseoir dans ce wagon plein."
2016-07-20 20:47:36,Rc72,"&gt; tu n'es pas ici chez toi car si c'Ã©tait le cas tu aurais demandÃ© ta naturalisation.

Et qui te dit que je ne l'ai pas fait?

&gt; Je vais t'expliquer ce que c'est que le travail de citoyen franÃ§ais : participer Ã  la vie publique, payer ses impÃ´ts, ne pas commettre de crime, aider ses compatriotes et les prÃ©fÃ©rer aux autres, servir sa nation ici et Ã  l'Ã©tranger 

Sauf pour ""les prÃ©fÃ©rer aux autres"" je fais dÃ©jÃ  toutes ces choses pour mes concitoyens franÃ§ais en tant qu'Ã©tranger. Et mÃªme si je deviens ton compatriote, ne compte pas avec moi pour te prÃ©fÃ©rer Ã  un quelconque ""Ã©tranger"" travailleur, honnÃªte et gÃ©nÃ©reux. Car, oui, je suis ""cosmopolite"", et mÃªme ""mÃ©tÃ¨que"" et pour moi les seuls vrais Ã©trangers, dans toute l'espÃ¨ce humaine, sont ceux qui s'en rendent eux-mÃªmes Ã©trangers pour se cantonner Ã  leur seule petite ""communautÃ©"", par exemple en tirant leur principale fiertÃ© d'Ãªtre sortis du bon vagin, vraisemblablement parce qu'ils n'ont plus rien fait de notable depuis. Je suis fier d'avoir des horizons plus amples que toi et les quatre derniÃ¨res gÃ©nÃ©rations de ta famille."
2016-06-28 15:00:03,DrCharme,"nan c'est ~~Goscinny~~ Tabary , Tabarly c'est le compositeur/interprÃ¨te de ""Le MÃ©tÃ¨que"""
2016-05-10 20:56:00,petite-ingrate,"A la base je faisais rÃ©fÃ©rence Ã  ""la fille du bar"" qui Ã©tait choquÃ©e de s'Ãªtre pris un pied dans le groin. Si on exerce son droit Ã  ouvrir sa gueule, il faut Ãªtre prÃªt Ã  ce que quelqu'un essaie de nous la fermer. Il me semblait que dans ce cas, la nana n'Ã©tait pas toute blanche non plus.
Comme les abrutis dans le mÃ©tro qui jouent Ã  Clash Royal sur leur smartphone Ã  800 euros un gros casque sur les oreilles et qui se plaignent de l'insÃ©curitÃ© aprÃ¨s s'Ãªtre fait dÃ©pouiller... On ne vit pas chez les Bisounours.

Sur les flics relous pas besoin de me convaincre, avec ma gueule de mÃ©tÃ¨que je rentre dÃ©jÃ  pas en boite Ã©changiste  ;)"
2015-12-09 16:12:19,eeeklesinge,"&gt; Source ? 

[""\[Les rÃ©dacteurs de JSP\] revendiquent, au moins jusqu'en 1941, l'influence de Charles Maurras \(en fÃ©vrier 1941, Maurras, repliÃ© Ã  Lyon, dÃ©sapprouve la reparution du journal en zone occupÃ©e\)""](https://fr.wikipedia.org/wiki/Je_suis_partout)

&gt; Il n'Ã©tait pas xÃ©nophobe ni mÃªme raciste



[""DÃ©centralisÃ©e contre le mÃ©tÃ¨que, antiparlementaire contre le maÃ§on, traditionnelle contre les influences protestantes, hÃ©rÃ©ditaire enfin contre la race juive, la monarchie se dÃ©finit, on le voit bien, par les besoins du pays.""](https://fr.wikipedia.org/wiki/Charles_Maurras#Antis.C3.A9mitisme_d.27.C3.89tat)

Â« l'intÃ©rÃªt juif rentre fatalement en concurrence avec l'intÃ©rÃªt franÃ§ais Â»

Â« C'est en tant que Juif qu'il faut voir, concevoir, entendre, combattre et abattre le Blum. Ce dernier verbe paraÃ®tra un peu fort de cafÃ© : je me hÃ¢te d'ajouter qu'il ne faudra abattre physiquement Blum que le jour oÃ¹ sa politique nous aura amenÃ© la guerre impie qu'il rÃªve contre nos compagnons d'armes italiens. Ce jour-lÃ , il est vrai, il ne faudra pas le manquer. Â»

L'extrÃªme-droite franÃ§aise qui tente de rÃ©habiliter Maurras le prÃ©sente toujours comme un simple nationaliste, mais il est bien antisÃ©mite. Si sa pensÃ©e ne dÃ©pend pas de l'antisÃ©mitisme ""biologique"", il conÃ§oit tout de mÃªme les juifs comme des non-FranÃ§ais, voire anti-FranÃ§ais.

&gt; Le journal Ã©tait interdit depuis juin 1940, date de l'armistice et de la prise de pouvoir de PÃ©tain, que Maurras a soutenu comme il a soutenu les RÃ©publicains pendant la 1ere guerre mondiale.

Oui, et le journal tournait de 30 Ã  40 et dÃ©blatÃ©rait dÃ©jÃ  ses thÃ¨ses antisÃ©mites sans aucun dÃ©menti ou commentaire de Maurras (dont les fameux dossiers sur les Juifs). C'est le silence de Maurras sur cette pÃ©riode que je dÃ©nonce (si on me passe l'expression).




"
2015-12-09 08:31:05,SowetoNecklace,"Tu dis, l'esclavage n'est pas le dÃ©bat. Mais Ã  mon avis le systÃ¨me de dÃ©mocratie directe athÃ©nien n'aurait jamais pu exister sans l'institution de l'esclavage.

Participer Ã  la vie de la polis, Ã§a prend du temps. Il faut s'informer, dÃ©battre, participer au processus si tu es Ã©lu/tirÃ© au sort. Tout Ã§a, Ã§a t'empÃªche de travailler, Ã§a t'empÃªche d'obtenir de quoi manger. Alors oui, ils avaient une certaine indemnitÃ© pour ceux qui devaient abandonner leur source de revenus afin de se rendre Ã  l'assemblÃ©e... Mais c'Ã©tait une minoritÃ©. La plupart Ã©taient capables de se consacrer Ã  leur Ã©ducation et Ã  leur dÃ©mocratie sans perdre des revenus justement parce qu'ils avaient des esclaves qui travaillaient pour eux. 

Ca ne compte pas non plus le financement de la citÃ© (en partie) par les mÃ©tÃ¨ques, les Ã©trangers rÃ©sidents Ã  AthÃ¨nes. Le statut de mÃ©tÃ¨que offrait tous les devoirs de la citoyennetÃ© (Service militaire, impÃ´ts, y compris des impÃ´ts exclusifs pour eux) sans aucun des devoirs. Et ce statut Ã©tait hÃ©ritÃ©: Un mÃ©tÃ¨que Ã  AthÃ¨nes ne pouvait devenir citoyen athÃ©nien que si les citoyens lui offraient ce statut pour services rendus (hÃ©roÃ¯sme en guerre, service aux prÃªtres), mais c'Ã©tait trÃ¨s rare selon les historiens. Les enfants d'un mÃ©tÃ¨que qui n'Ã©tait pas ""naturalisÃ©"" seraient tous mÃ©tÃ¨ques et n'auraient pas d'autres moyens de devenir citoyens que par dÃ©cision de la citÃ©.

Ce que je veux dire, c'est que la dÃ©mocratie d'AthÃ¨nes pouvait Ãªtre aussi directe justement parce qu'elle Ã©tait profondÃ©ment inÃ©galitaire. Le pouvoir et la richesse Ã©taient concentrÃ©s dans les mains de trÃ¨s peu de personnes, ce qui leur permettait de prendre des dÃ©cisions de maniÃ¨re Ã©duquÃ©e et collÃ©giale. C'Ã©tait une dÃ©mocratie oligarchique et ploutocratique, et la dÃ©mocratie reprÃ©sentative moderne est paradoxalement bien plus juste que n'importe quel autre systÃ¨me de l'Ã©poque.

/u/anthobb n'a pas tort quand il parle de la complexitÃ© du monde, d'ailleurs. Rien ne nous empÃªche, en thÃ©orie, de mettre en place un tel systÃ¨me aujourd'hui. Equipons les citoyens d'applications pour voter par smartphone, par internet, ou par tÃ©lÃ©phone pour les moins bien Ã©quipÃ©s. En science-fiction, les Asari de l'univers de Mass Effect fonctionnent comme Ã§a. Mais sans garanties de revenus, donc sans exploitation d'une catÃ©gorie de population pour gÃ©nÃ©rer de la richesse au bÃ©nÃ©fice des autres, comment s'assurer que les 44,6 millions d'Ã©lecteurs franÃ§ais s'Ã©duquent et abordent les problÃ©matiques nationales et internationales de maniÃ¨re informÃ©e, ce qui les laisserait choisir leur intÃ©rÃªt librement? 

Je pense que c'est impossible. Ce qui arriverait, Ã§a serait des dÃ©cisionnaires qui rÃ©giraient uniquement par l'Ã©motion, en panique, sans aucune base de connaissance pour choisir les meilleures actions. C'est pour Ã§a qu'il faut choisir des reprÃ©sentants qui eux ont ces bases, et idÃ©alement ces compÃ©tences, pour participer au processus en ton nom. Evidemment, la dÃ©mocratie moderne est cassÃ©e Ã  cause de plein de facteurs, mais il faut l'assainir plutÃ´t que la remplacer."
2015-11-19 09:08:03,Aldariis,"Georges Moustaki: 

 * [Le MÃ©tÃ¨que](https://www.youtube.com/watch?v=MV8fGf-N06A)
 * [Ma LibertÃ©](https://www.youtube.com/watch?v=G4TBlPc18SM)
 * [Et tout un tas d'autres](https://www.youtube.com/watch?v=m0HyRuZyET8)

"
2015-11-18 09:39:45,eeeklesinge,"&gt; C'est cette sociÃ©tÃ© multiculturelle qui produit l'islamisme

&gt; Y'en a encore sur qui Ã§a marche et qui iront voter Jean-Cul MÃ©chancon parce qu'il se dit pro-mÃ©tÃ¨que.

Je me demande bien pourquoi les gens t'accuseraient de racisme, tiens.
"
2015-11-18 01:20:51,zoudoudou,"C'est dÃ©solant de voir que l'on tombe encore dans le panneau.

Cette idÃ©ologie qui consiste Ã  dire que la culture FranÃ§aise y'en a plus, les mÅ“urs FranÃ§aises cela ne veut rien dire, de fait parce que l'assimilation n'a pas fonctionnÃ© avec les derniÃ¨res vagues d'immigration, c'est une fuite en avant. 

Donc on se renie nous mÃªme. La France se rÃ©duit Ã  son code civil. D'accord. PremiÃ¨re insulte.

C'est cette sociÃ©tÃ© multiculturelle qui produit l'islamisme et le jihadisme, et on veut en rajouter une couche. Allons-y. Prenons les gens pour des cons. Y'en a encore sur qui Ã§a marche et qui iront voter Jean-Cul MÃ©chancon parce qu'il se dit pro-mÃ©tÃ¨que. Votez pour votre sociÃ©tÃ© du ""droit Ã  la diffÃ©rence."" C'est exactement celle que l'on a aujourd'hui. 

Avant de taxer de raciste (au cas oÃ¹ c'est la dÃ©fense choisie, trÃ¨s original par ailleurs) qu'on m'explique pourquoi il n'y a pas autant d'attentats islamistes en CorÃ©e du Sud qu'en France. "
2015-10-28 08:01:47,eeeklesinge,"C'est pas grave, va, je commence Ã  comprendre le dÃ©lire ER. Ton argument sur l'existence du peuple juif reste basÃ© sur l'argument religieux (biblique), dÃ©montÃ© depuis bien longtemps par la recherche historique. Il n'y a pas ""un peuple"", il y a une religion avec des vagues de conversions, parfois forcÃ©es, des conquÃªtes, des assimilations, des sectes diffÃ©rentes, etc. Rien de plus qu'aucune autre religion.

Et non, je parlais pas de Ryssen mais de la vidÃ©o de Soral sur la place naturelle du mÃ©tÃ¨que devant l'homme fort Aryano-slave (lol) qu'est Poutine."
2015-09-18 12:30:08,[deleted],"vu ma gueule de mÃ©tÃ¨que et vue la rÃ©gion (Aire-St Omer-Norrent Fontes) j'aurais vite fait de me faire courser par un fermier et son fusil.

sinon, blague Ã  part, j'ai envisagÃ© Ã§a."
2015-07-20 12:24:59,bctfcs,"GÃ©nial, le maÃ¯s. Cette saloperie de cÃ©rÃ©ale mÃ©tÃ¨que incapable de pousser si tu arroses pas tes champs en plein soleil (et la route et les bagnoles avec) pendant tout l'Ã©tÃ©, qu'on se tue Ã  vouloir faire pousser chez nous alors que Ã§a marche pas.

C'est cool de croire qu'on va sauver le monde en rÃ©inventant l'agriculture alors qu'on va vendre Ã§a Ã  des paysans bourrÃ©s qui comprennent mÃªme pas des technologies millÃ©naires style l'irrigation."
2015-04-29 14:41:16,nevenoe,"Ouais t'es un mÃ©tis quoi, une sorte de mÃ©tÃ¨que breton... ;-)"
2014-12-11 19:07:06,Bururu,"Jean-Charles et Nicole - Mouloud et Tassadit 
Kouign Amann, fleurs d'oranger et mixitÃ© 
MÃ©tÃ¨que de part et d'autre de la mÃ©diterranÃ©e, mais m'en fous j'ai toujours bien mangÃ©"
2014-10-10 17:57:27,MauvaisConseil,"&gt; Que Ã§a te plaise ou non, aujourd'hui l'ensemble du monde est bien plus interconnectÃ© que ne l'Ã©taient les citÃ©s grecques entre elles.

Sans dÃ©conner. C'est complÃ¨tement hors-sujet et ne rÃ©fute en rien ce que je disais.

&gt;Sauf pour la langue (Ã  peu prÃ¨s) commune, un Spartiate Ã©tait possiblement plus Ã©tranger Ã  un AthÃ©nien qu'aujourd'hui un FranÃ§ais Ã  un Chinois du Hunan.

Non. D'oÃ¹ le statut de mÃ©tÃ¨que, intermÃ©diaire entre un Ã©tranger et un citoyen... C'est Ã©crit noir sur blanc. Tu t'es plantÃ©, c'est pas grave, Ã§a arrive.

&gt;Pourquoi interprÃ©ter ""FranÃ§ais de souche"" comme ""FranÃ§ais d'origine"" nierait l'existence de l'immigration?

Je parle de nier l'existence de ""FranÃ§ais de souche"" en utilisant une dÃ©finition ad-hoc.

1. Je n'utilise pas l'expression FranÃ§ais de souche dans mes commentaires de ce fil. On parle par contre dans ce fil de ""grand remplacement"", dont j'ai donnÃ© la dÃ©finition. Il oppose l'immigration africaine au reste de la population de France.
2. Le terme FranÃ§ais de souche a toujours Ã©tÃ© utilisÃ© par opposition aux populations d'origine africaine et non par opposition d'origine immigrÃ©e europÃ©enne. Si on voulait dire ""d'origine immigrÃ©e"", ou ""d'origine franÃ§aise"", on le dirait.
3. Tu as un nombre important d'articles et d'interventions publiques qui sont sortis pour nier l'existence de ""FranÃ§ais de souche""... [1](http://www.lepoint.fr/invites-du-point/didier_raoult/le-francais-de-souche-n-existe-pas-23-08-2012-1498404_445.php), [2](http://www.youtube.com/watch?v=wYuukVrJea8), [3](http://www.lefigaro.fr/editos/2010/01/30/01031-20100130ARTFIG00005-il-n-y-a-pas-de-francais-de-souche-.php), [4](http://www.youtube.com/watch?v=AHoS0TUT1ZQ) etc. L'idÃ©ologie antiraciste cherche Ã  faire croire que le FranÃ§ais de souche, Ã§a n'existe pas.

&gt;Je pense que c'est plutÃ´t toi qui est coupable de ce crime, et j'ai tous les dictionnaires de mon cÃ´tÃ©. Tu pourrais parler d'""EuropÃ©ens de souche"" ou de ""FranÃ§ais d'origine europÃ©enne"", et tu serais plus clair...

Je n'emploie pas le terme de ""souche"" dans mes commentaires, je te corrige quand tu l'emploies en l'opposant Ã  mÃ©tÃ¨que par contre. Et j'ai tous *tes* dictionnaires de *mon* cÃ´tÃ©. Si tu voulais utiliser FranÃ§ais *d'origine* pour dÃ©signer la mÃªme chose, pourquoi employer le terme ""de souche"" ? Et pourquoi le mettre entre guillemets ?

&gt;""Ils couchent avec nos femmes""....

Et ? On couche avec leurs femmes aussi. L'un compte autant que l'autre, c'est ce que je signalais."
2014-10-10 16:49:25,MauvaisConseil,"&gt; Nullement surprenant, puisqu'il ignorait tout de la gÃ©nÃ©tique.

Pas vraiment, il passe pas mal de temps Ã  dÃ©monter Gobineau et l'idÃ©e biologique des races. Pour lui une race c'est culturel. On dirait aujourd'hui une ethnie, dans le sens de ""Une ethnie ou groupe ethnique est un groupe social de personnes qui s'identifient entre elles sur la base d'une ascendance commune (rÃ©elle ou non), d'une culture commune ou d'un vÃ©cu commun"". Mais bon j'imagine que tu prÃ©fÃ¨res parler sans connaÃ®tre, Ã§a risquerait de te faire mal.

&gt;Par mon lien au wiki il aurait dÃ» Ãªtre Ã©vident que je faisais rÃ©fÃ©rence au sens original de Î¼Î­Ï„Î¿Î¹ÎºÎ¿Ï‚, mÃ©toikos, ""celui qui a changÃ© de rÃ©sidence"".

Relis donc ton lien, puisque le mÃ©tÃ¨que dÃ©signait un citoyen d'une autre citÃ© **grecque**. Pas n'importe quel immigrÃ© ou Ã©tranger. Donc pas du tout comme tu le prÃ©tends ""l'exact inverse"" de quelqu'un ""de souche"", puisqu'il suppose l'appartenance Ã  une culture grecque commune.

&gt;""On"" utilise? Qui Ã§a?

Ceux qui se reconnaissent comme [FranÃ§ais de souche](http://www.fdesouche.com/) et reconnaissent [l'existence de ce terme](http://www.youtube.com/watch?v=m61foIlW-Zg).

Le terme utilisÃ© par l'administration franÃ§aise en 1958 Ã©tait ""FranÃ§ais de souche europÃ©enne"". De Gaulle parlait Ã©galement des [FranÃ§ais de souche](http://fresques.ina.fr/de-gaulle/fiche-media/Gaulle00049/discours-du-29-janvier-1960.html) par opposition aux nord-africains.

&gt;Donc, logiquement, un ""FranÃ§ais de souche"" devrait Ãªtre quelqu'un d'origine franÃ§aise, et non pas italienne ou polonaise

C'est la dÃ©finition que veulent imposer les dÃ©fenseurs de l'immigration pour nier son existence. Mais rien Ã  voir avec ce qui est dÃ©signÃ© sur fdesouche ou dans le vocabulaire de la Nouvelle Droite. Evidemment, tu utilises une dÃ©finition qui t'arrange pour rÃ©futer l'existence ou la pertinence de ce terme...

Je passe sur le reste de ton commentaire qui est sans intÃ©rÃªt.

&gt;Sinon, en parlant de rÃ©ponses intÃ©ressantes, ta rÃ©ponse concernant la nationalitÃ© des pÃ¨res Ã©tait tout-Ã -fait rÃ©vÃ©latrice aussi

RÃ©vÃ©latrice de quoi ?"
2014-10-10 15:41:53,Rc72,"&gt; Meteque tel qu'il est employÃ© par Maurras n'a absolument rien de gÃ©nÃ©tique.

Nullement surprenant, puisqu'il ignorait tout de la gÃ©nÃ©tique. De toute maniÃ¨re, comment Maurras utilisait le mot m'intÃ©resse trÃ¨s peu. Par mon lien au wiki il aurait dÃ» Ãªtre Ã©vident que je faisais rÃ©fÃ©rence au sens original de Î¼Î­Ï„Î¿Î¹ÎºÎ¿Ï‚, mÃ©toikos, ""celui qui a changÃ© de rÃ©sidence"". C'est-Ã -dire l'exact contraire de quelqu'un ""de souche"".

&gt; On utilise FranÃ§ais de souche pour dire d'origine europÃ©enne vu que Ã§a englobe en vrac des polonais et des italiens Ã  la peau plus foncÃ©e que bon nombre de berbÃ¨res. 

""On"" utilise? Qui Ã§a? 

Le [Larousse](http://www.larousse.fr/dictionnaires/francais/souche/73573) donne comme dÃ©finition pour le mot ""souche"", dans ce contexte, ""origine de quelqu'un"". Donc, logiquement, un ""FranÃ§ais de souche"" devrait Ãªtre quelqu'un d'origine franÃ§aise, et non pas italienne ou polonaise (et un berbÃ¨re nÃ© en ""AlgÃ©rie franÃ§aise"" aurait plus d'un ""FranÃ§ais de souche"" qu'un Uderzo ou un Goscinny, soit dit en passant). Puis franchement, il n'y a qu'un genre de personne qui m'irrite encore plus qu'un xÃ©nophobe, et c'est quelqu'un qui prend des libertÃ©s avec le sens des mots.

Mais bon, j'apprends que ""souche"" veut aussi dire ""personne lourde, d'esprit Ã©pais"". Je vais peut-Ãªtre commencer Ã  utiliser ""FranÃ§ais (de) souche"" dans ce sens...

Sinon, en parlant de rÃ©ponses intÃ©ressantes, ta rÃ©ponse concernant la nationalitÃ© des *pÃ¨res* Ã©tait tout-Ã -fait rÃ©vÃ©latrice aussi."
2014-10-10 15:11:14,MauvaisConseil,"Mon commentaire Ã©tait ironique mais ta rÃ©ponse Ã©tait intÃ©ressante. 

&gt; je me demande combien de ""FranÃ§ais de souche"" vÃ©hiculent Ã  leur insu des gÃ¨nes [mÃ©tÃ¨ques]

Meteque tel qu'il est employÃ© par Maurras n'a absolument rien de gÃ©nÃ©tique. On utilise FranÃ§ais de souche pour dire d'origine europÃ©enne vu que Ã§a englobe en vrac des polonais et des italiens Ã  la peau plus foncÃ©e que bon nombre de berbÃ¨res. "
2013-05-21 21:35:07,ton2lavega,"Vu qu'on est servis question hip hop US / rap de hipster / scÃ¨ne parisienne, je viens complÃ©ter le tableau avec l'Ã©cole marseillaise.

Le rat Luciano - Mode de vie bÃ©ton style : Le rat te parle comme Ã  un pote,  en toute franchuse, sans chichi ni fioriture, sans donner de leÃ§ons. ""Vie d'artiste"", ""sacrÃ©"", ""il est fou ce monde"" sont de bons points d'entrÃ©e.

Psy4 de la Rime - Block party : le groupe d'origine de Soprano. Contrairement Ã  ce qu'on pourrait croire, cet album est bien meilleur que tout ce qu'il a pu faire en solo.

Akhenaton - MÃ©tÃ¨que et mat : PoÃ©tique, ciselÃ©, un chef d'oeuvre.

Fonky Family - Art de rue : Personnellement je prÃ©fÃ¨re Si Dieu veut, mais cet album a de bonnes chances de plaire Ã  un nÃ©ophyte.

"
2012-09-17 08:12:26,ton2lavega,"I never understood how MC Solaar got his reputation of one of the best french rappers. His songs are OK, fun to listen to, but not anywhere near what Akhenaton did, for instance. (the MÃ©tÃ¨que et Mat album and the pre-Ecole du Micro d'Argent albums have gems like [OÃ¹ sont les roses ?](http://www.youtube.com/watch?v=3Wp8yySw5kI))

Anyways, the band closest to IAM (90's period) in terms of musicality is probably Chiens de Paille ([this track for instance](http://www.youtube.com/watch?v=kjeBcPZvBiA), funky as fuck). Musically speaking, there's something special about Le Rat Luciano's productions in Mode de Vie BÃ©ton Style (see this for [instance](http://www.youtube.com/watch?v=DnOWOXL5RBo)) that can be interesting.

I agree that french Hip Hop gave up on instrumentals inspired from Jazz and Soul, to use nowadays almost exclusively electronic/synthetic samples, and it's a shame.

Neverthless, there are still gems in today's french hip hop, like [Keny Arkana](http://www.youtube.com/watch?v=At79wtLRvGs) or [Mino](http://www.youtube.com/watch?v=8QM-j-JWo4s)."
